Image Preview,Image URL,Video Preview,Video URL,Ad ID,Advertiser Name,Ad Text,Ad Text Eng,View Ad,Landing Page URL,CTA Button,Active Days,Text Variants,Image Variants,Platform Count,Same Image Count,Has Video,Total Images,Total Videos,Has Carousel,Media Type,Age Targeting,Course Subjects,Offers,,,Age Targeting,Course Subjects,Offers,Course Subjects,Offers,Search Term
,https://osokxlweresllgbclkme.supabase.co/storage/v1/object/public/competitor-creatives/Kodland%20Indonesia/discovered_1763825105351_7_1763825928788.jpg,,,discovered_1763825105351_7,Kodland Indonesia,"Kami memberikan pelajaran uji coba individu tentang kreativitas digital Di kelas, anak anda akan :âœ…membuat karakter dan lingkungan mereka sendiriâœ…mempelajari cara menganimasikan karakter di program komputer teratasâœ…menulis skrip untuk karakternyaâœ…membuat kartun 2Dnya sendiriKelas uji coba hanya cocok untuk anak-anak di atas 8 tahun.ðŸ‘‰Klik ""Selengkapnya"" untuk Pelajaran GRATIS","We provide individual trial lessons on digital creativity In the class, your child will: âœ…create their own characters and environments âœ…learn how to animate characters in top computer programs âœ…write scripts for their characters âœ…create their own 2D cartoons The trial class is only suitable for children over 8 years old. ðŸ‘‰Click ""More"" for FREE Lessons",https://www.facebook.com/ads/library/?id=1539327810552773,https://www.kodland.org/welcome/quiz/indo_base_1?segment=4&date_start=0&date_end=6&utm_source={{site_source_name}}&utm_medium={{placement}}&utm_campaign={{adset.name}}&utm_content={{ad.id}}&utm_term={{ad.name}},See more,1,1,63,0,1,No,8,0,Yes,carousel,,,"GRATIS, coba",,,,pemrograman,"GRATIS, coba",pemrograman,"GRATIS, coba",Kodland Indonesia
,https://osokxlweresllgbclkme.supabase.co/storage/v1/object/public/competitor-creatives/Kodland%20Indonesia/discovered_1763825105369_32_1763825934729.jpg,,,discovered_1763825105369_32,Kodland Indonesia,"Kami memberikan pelajaran uji coba individu tentang kreativitas digital Di kelas, anak anda akan :âœ…membuat karakter dan lingkungan mereka sendiriâœ…mempelajari cara menganimasikan karakter di program komputer teratasâœ…menulis skrip untuk karakternyaâœ…membuat kartun 2Dnya sendiriKelas uji coba hanya cocok untuk anak-anak di atas 8 tahun.ðŸ‘‰Klik ""Selengkapnya"" untuk Pelajaran GRATIS","We provide individual trial lessons on digital creativity In the class, your child will: âœ…create their own characters and environments âœ…learn how to animate characters in top computer programs âœ…write scripts for their characters âœ…create their own 2D cartoons The trial class is only suitable for children over 8 years old. ðŸ‘‰Click ""More"" for FREE Lessons",https://www.facebook.com/ads/library/?id=1943980936534693,https://www.kodland.org/welcome/quiz/indo_base_1?segment=4&date_start=0&date_end=6&utm_source={{site_source_name}}&utm_medium={{placement}}&utm_campaign={{adset.name}}&utm_content={{ad.id}}&utm_term={{ad.name}},Open Dropdownâ€‹,1,1,63,0,1,No,1,0,No,single_image,,,"GRATIS, coba",,,,pemrograman,"GRATIS, coba",,"GRATIS, coba",Kodland Indonesia
,https://osokxlweresllgbclkme.supabase.co/storage/v1/object/public/competitor-creatives/Kodland%20Indonesia/discovered_1763825105370_50_1763825938640.jpg,,,discovered_1763825105370_50,Kodland Indonesia,"Kami memberikan pelajaran uji coba individu tentang kreativitas digital Di kelas, anak anda akan :âœ…membuat karakter dan lingkungan mereka sendiriâœ…mempelajari cara menganimasikan karakter di program komputer teratasâœ…menulis skrip untuk karakternyaâœ…membuat kartun 2Dnya sendiriKelas uji coba hanya cocok untuk anak-anak di atas 8 tahun.ðŸ‘‰Klik ""Selengkapnya"" untuk Pelajaran GRATIS","We provide individual trial lessons on digital creativity In the class, your child will: âœ…create their own characters and environments âœ…learn how to animate characters in top computer programs âœ…write scripts for their characters âœ…create their own 2D cartoons The trial class is only suitable for children over 9 years old. ðŸ‘‰Click ""More"" for FREE Lessons",,https://www.kodland.org/welcome/quiz/indo_base_1?segment=4&date_start=0&date_end=6&utm_source={{site_source_name}}&utm_medium={{placement}}&utm_campaign={{adset.name}}&utm_content={{ad.id}}&utm_term={{ad.name}},Learn More,2,1,63,0,1,No,1,0,No,single_image,,,"GRATIS, coba",,,,,"GRATIS, coba",pemrograman,"GRATIS, coba",Kodland Indonesia
,https://osokxlweresllgbclkme.supabase.co/storage/v1/object/public/competitor-creatives/Kodland%20Indonesia/discovered_1763825105371_57_1763825939830.jpg,,,discovered_1763825105371_57,Kodland Indonesia,"Kami memberikan pelajaran uji coba individu tentang kreativitas digital Di kelas, anak anda akan :âœ…membuat karakter dan lingkungan mereka sendiriâœ…mempelajari cara menganimasikan karakter di program komputer teratasâœ…menulis skrip untuk karakternyaâœ…membuat kartun 2Dnya sendiriKelas uji coba hanya cocok untuk anak-anak di atas 9 tahun.ðŸ‘‰Klik ""Selengkapnya"" untuk Pelajaran GRATIS","We provide individual trial lessons on digital creativity In the class, your child will: âœ…create their own characters and environments âœ…learn how to animate characters in top computer programs âœ…write scripts for their characters âœ…create their own 2D cartoons The trial class is only suitable for children over 8 years old. ðŸ‘‰Click ""More"" for FREE Lessons",https://www.facebook.com/ads/library/?id=1212699064047030,https://www.kodland.org/welcome/quiz/indo_base_1?segment=4&date_start=0&date_end=6&utm_source={{site_source_name}}&utm_medium={{placement}}&utm_campaign={{adset.name}}&utm_content={{ad.id}}&utm_term={{ad.name}},Learn More,3,1,8,0,1,No,1,0,No,single_image,,,"GRATIS, coba",,,,,"GRATIS, coba",,"GRATIS, coba",Kodland Indonesia
,https://osokxlweresllgbclkme.supabase.co/storage/v1/object/public/competitor-creatives/Kodland%20Indonesia/discovered_1763825105368_27_1763825933853.jpg,,,discovered_1763825105368_27,Kodland Indonesia,"Kami memberikan pelajaran uji coba individu tentang kreativitas digital Di kelas, anak anda akan :âœ…membuat karakter dan lingkungan mereka sendiriâœ…mempelajari cara menganimasikan karakter di program komputer teratasâœ…menulis skrip untuk karakternyaâœ…membuat kartun 2Dnya sendiriKelas uji coba hanya cocok untuk anak-anak di atas 8 tahun.ðŸ‘‰Klik ""Selengkapnya"" untuk Pelajaran GRATIS","We provide individual trial lessons on digital creativity In the class, your child will: âœ…create their own characters and environments âœ…learn how to animate characters in top computer programs âœ…write scripts for their characters âœ…create their own 2D cartoons The trial class is only suitable for children over 8 years old. ðŸ‘‰Click ""More"" for FREE Lessons",,https://www.kodland.org/welcome/quiz/indo_base_1?segment=4&date_start=0&date_end=6&utm_source={{site_source_name}}&utm_medium={{placement}}&utm_campaign={{adset.name}}&utm_content={{ad.id}}&utm_term={{ad.name}},Learn More,4,1,63,0,1,No,1,0,No,single_image,,,"GRATIS, coba",,,,,"GRATIS, coba",,"GRATIS, coba",Kodland Indonesia
,https://osokxlweresllgbclkme.supabase.co/storage/v1/object/public/competitor-creatives/Kodland%20Indonesia/discovered_1763825105370_42_1763825937181.jpg,,,discovered_1763825105370_42,Kodland Indonesia,"Kami memberikan pelajaran uji coba individu tentang kreativitas digital Di kelas, anak anda akan :âœ…membuat karakter dan lingkungan mereka sendiriâœ…mempelajari cara menganimasikan karakter di program komputer teratasâœ…menulis skrip untuk karakternyaâœ…membuat kartun 2Dnya sendiriKelas uji coba hanya cocok untuk anak-anak di atas 8 tahun.ðŸ‘‰Klik ""Selengkapnya"" untuk Pelajaran GRATIS","We provide individual trial lessons on digital creativity In the class, your child will: âœ…create their own characters and environments âœ…learn how to animate characters in top computer programs âœ…write scripts for their characters âœ…create their own 2D cartoons The trial class is only suitable for children over 8 years old. ðŸ‘‰Click ""More"" for FREE Lessons",,https://www.kodland.org/welcome/quiz/indo_base_1?segment=4&date_start=0&date_end=6&utm_source={{site_source_name}}&utm_medium={{placement}}&utm_campaign={{adset.name}}&utm_content={{ad.id}}&utm_term={{ad.name}},Learn More,4,1,63,0,1,No,1,0,No,single_image,,,"GRATIS, coba",,,,pemrograman,"GRATIS, coba",pemrograman,"GRATIS, coba",Kodland Indonesia
,https://osokxlweresllgbclkme.supabase.co/storage/v1/object/public/competitor-creatives/Kodland%20Indonesia/discovered_1763825105372_67_1763825941922.jpg,,,discovered_1763825105372_67,Kodland Indonesia,"Kami memberikan pelajaran uji coba individu tentang kreativitas digital Di kelas, anak anda akan :âœ…membuat karakter dan lingkungan mereka sendiriâœ…mempelajari cara menganimasikan karakter di program komputer teratasâœ…menulis skrip untuk karakternyaâœ…membuat kartun 2Dnya sendiriKelas uji coba hanya cocok untuk anak-anak di atas 8 tahun.ðŸ‘‰Klik ""Selengkapnya"" untuk Pelajaran GRATIS","We provide individual trial lessons on digital creativity In the class, your child will: âœ…create their own characters and environments âœ…learn how to animate characters in top computer programs âœ…write scripts for their characters âœ…create their own 2D cartoons The trial class is only suitable for children over 8 years old. ðŸ‘‰Click ""More"" for FREE Lessons",https://www.facebook.com/ads/library/?id=1179258280310105,https://www.kodland.org/welcome/quiz/indo_base_1?segment=4&date_start=0&date_end=6&utm_source={{site_source_name}}&utm_medium={{placement}}&utm_campaign={{adset.name}}&utm_content={{ad.id}}&utm_term={{ad.name}},Learn More,4,1,63,0,1,No,1,0,No,single_image,,,"GRATIS, coba",,,,pemrograman,"GRATIS, coba",,"GRATIS, coba",Kodland Indonesia
,https://osokxlweresllgbclkme.supabase.co/storage/v1/object/public/competitor-creatives/Kodland%20Indonesia/discovered_1763825105372_69_1763825942408.jpg,,,discovered_1763825105372_69,Kodland Indonesia,"Kami memberikan pelajaran uji coba individu tentang kreativitas digital Di kelas, anak anda akan :âœ…membuat karakter dan lingkungan mereka sendiriâœ…mempelajari cara menganimasikan karakter di program komputer teratasâœ…menulis skrip untuk karakternyaâœ…membuat kartun 2Dnya sendiriKelas uji coba hanya cocok untuk anak-anak di atas 8 tahun.ðŸ‘‰Klik ""Selengkapnya"" untuk Pelajaran GRATIS","We provide individual trial lessons on digital creativity In the class, your child will: âœ…create their own characters and environments âœ…learn how to animate characters in top computer programs âœ…write scripts for their characters âœ…create their own 2D cartoons The trial class is only suitable for children over 8 years old. ðŸ‘‰Click ""More"" for FREE Lessons",,https://www.kodland.org/welcome/quiz/indo_base_1?segment=4&date_start=0&date_end=6&utm_source={{site_source_name}}&utm_medium={{placement}}&utm_campaign={{adset.name}}&utm_content={{ad.id}}&utm_term={{ad.name}},Learn More,4,1,63,0,1,No,1,0,No,single_image,,,"GRATIS, coba",,,,,"GRATIS, coba",,"GRATIS, coba",Kodland Indonesia
,https://osokxlweresllgbclkme.supabase.co/storage/v1/object/public/competitor-creatives/Kodland%20Indonesia/discovered_1763825105372_75_1763825943442.jpg,,,discovered_1763825105372_75,Kodland Indonesia,"Kami memberikan pelajaran uji coba individu tentang kreativitas digital Di kelas, anak anda akan :âœ…membuat karakter dan lingkungan mereka sendiriâœ…mempelajari cara menganimasikan karakter di program komputer teratasâœ…menulis skrip untuk karakternyaâœ…membuat kartun 2Dnya sendiriKelas uji coba hanya cocok untuk anak-anak di atas 8 tahun.ðŸ‘‰Klik ""Selengkapnya"" untuk Pelajaran GRATIS","We provide individual trial lessons on digital creativity In class, your child will: âœ…create their own characters and environments âœ…learn how to animate characters in top computer programs âœ…write scripts for their characters âœ…create their own 2D cartoons ðŸ‘‰Click ""More"" for FREE Lessons",https://www.facebook.com/ads/library/?id=1159629432480786,https://www.kodland.org/welcome/quiz/indo_base_1?segment=4&date_start=0&date_end=6&utm_source={{site_source_name}}&utm_medium={{placement}}&utm_campaign={{adset.name}}&utm_content={{ad.id}}&utm_term={{ad.name}},Learn More,5,1,63,0,1,No,1,0,No,single_image,,,"GRATIS, coba",,,,,"GRATIS, coba",pemrograman,"GRATIS, coba",Kodland Indonesia
,https://osokxlweresllgbclkme.supabase.co/storage/v1/object/public/competitor-creatives/Kodland%20Indonesia/discovered_1763825105373_88_1763825946226.jpg,,,discovered_1763825105373_88,Kodland Indonesia,"Kami memberikan pelajaran uji coba individu tentang kreativitas digital Di kelas, anak anda akan :âœ…membuat karakter dan lingkungan mereka sendiriâœ…mempelajari cara menganimasikan karakter di program komputer teratasâœ…menulis skrip untuk karakternyaâœ…membuat kartun 2Dnya sendiriðŸ‘‰Klik ""Selengkapnya"" untuk Pelajaran GRATIS","We provide individual trial lessons on digital creativity In the class, your child will: âœ…create their own characters and environments âœ…learn how to animate characters in top computer programs âœ…write scripts for their characters âœ…create their own 2D cartoons The trial class is only suitable for children over 8 years old. ðŸ‘‰Click ""More"" for FREE Lessons",,https://www.kodland.org/welcome/quiz/indo_base_1?segment=4&date_start=0&date_end=6&utm_source={{site_source_name}}&utm_medium={{placement}}&utm_campaign={{adset.name}}&utm_content={{ad.id}}&utm_term={{ad.name}},,5,1,7,0,1,No,1,0,No,single_image,,,"GRATIS, coba",,,,,"GRATIS, coba",,"GRATIS, coba",Kodland Indonesia
,https://osokxlweresllgbclkme.supabase.co/storage/v1/object/public/competitor-creatives/Kodland%20Indonesia/discovered_1763825105369_35_1763825935520.jpg,,,discovered_1763825105369_35,Kodland Indonesia,"Kami memberikan pelajaran uji coba individu tentang kreativitas digital Di kelas, anak anda akan :âœ…membuat karakter dan lingkungan mereka sendiriâœ…mempelajari cara menganimasikan karakter di program komputer teratasâœ…menulis skrip untuk karakternyaâœ…membuat kartun 2Dnya sendiriKelas uji coba hanya cocok untuk anak-anak di atas 8 tahun.ðŸ‘‰Klik ""Selengkapnya"" untuk Pelajaran GRATIS","We provide individual trial lessons on digital creativity In the class, your child will: âœ…create their own characters and environments âœ…learn how to animate characters in top computer programs âœ…write scripts for their characters âœ…create their own 2D cartoons The trial class is only suitable for children over 9 years old. ðŸ‘‰Click ""More"" for FREE Lessons",,https://www.kodland.org/welcome/quiz/indo_base_1?segment=4&date_start=0&date_end=6&utm_source={{site_source_name}}&utm_medium={{placement}}&utm_campaign={{adset.name}}&utm_content={{ad.id}}&utm_term={{ad.name}},,6,1,63,0,1,No,1,0,No,single_image,,,"GRATIS, coba",,,,pemrograman,"GRATIS, coba",pemrograman,"GRATIS, coba",Kodland Indonesia
,https://osokxlweresllgbclkme.supabase.co/storage/v1/object/public/competitor-creatives/Kodland%20Indonesia/discovered_1763825105371_60_1763825940639.jpg,,,discovered_1763825105371_60,Kodland Indonesia,"Kami memberikan pelajaran uji coba individu tentang kreativitas digital Di kelas, anak anda akan :âœ…membuat karakter dan lingkungan mereka sendiriâœ…mempelajari cara menganimasikan karakter di program komputer teratasâœ…menulis skrip untuk karakternyaâœ…membuat kartun 2Dnya sendiriKelas uji coba hanya cocok untuk anak-anak di atas 9 tahun.ðŸ‘‰Klik ""Selengkapnya"" untuk Pelajaran GRATIS","We provide individual trial lessons on digital creativity In the class, your child will: âœ…create their own characters and environments âœ…learn how to animate characters in top computer programs âœ…write scripts for their characters âœ…create their own 2D cartoons The trial class is only suitable for children over 8 years old. ðŸ‘‰Click ""More"" for FREE Lessons",,https://www.kodland.org/welcome/quiz/indo_base_1?segment=4&date_start=0&date_end=6&utm_source={{site_source_name}}&utm_medium={{placement}}&utm_campaign={{adset.name}}&utm_content={{ad.id}}&utm_term={{ad.name}},Learn More,8,1,8,0,1,No,1,0,No,single_image,,,"GRATIS, coba",,,,pemrograman,"GRATIS, coba",pemrograman,"GRATIS, coba",Kodland Indonesia
,https://osokxlweresllgbclkme.supabase.co/storage/v1/object/public/competitor-creatives/Kodland%20Indonesia/discovered_1763825105345_3_1763825927763.jpg,,,discovered_1763825105345_3,Kodland Indonesia,"Kami memberikan pelajaran uji coba individu tentang kreativitas digital Di kelas, anak anda akan :âœ…membuat karakter dan lingkungan mereka sendiriâœ…mempelajari cara menganimasikan karakter di program komputer teratasâœ…menulis skrip untuk karakternyaâœ…membuat kartun 2Dnya sendiriKelas uji coba hanya cocok untuk anak-anak di atas 9 tahun.ðŸ‘‰Klik ""Selengkapnya"" untuk Pelajaran GRATIS","We provide individual trial lessons on digital creativity In the class, your child will: âœ…create their own characters and environments âœ…learn how to animate characters in top computer programs âœ…write scripts for their characters âœ…create their own 2D cartoons The trial class is only suitable for children over 9 years old. ðŸ‘‰Click ""More"" for FREE Lessons",,https://www.kodland.org/welcome/quiz/indo_base_1?segment=4&date_start=0&date_end=6&utm_source={{site_source_name}}&utm_medium={{placement}}&utm_campaign={{adset.name}}&utm_content={{ad.id}}&utm_term={{ad.name}},Learn More,9,1,8,0,1,No,1,0,No,single_image,,,"GRATIS, coba",,,,pemrograman,"GRATIS, coba",pemrograman,"GRATIS, coba",Kodland Indonesia
,https://osokxlweresllgbclkme.supabase.co/storage/v1/object/public/competitor-creatives/Kodland%20Indonesia/discovered_1763825105368_28_1763825934110.jpg,,,discovered_1763825105368_28,Kodland Indonesia,"Kami memberikan pelajaran uji coba individu tentang kreativitas digital Di kelas, anak anda akan :âœ…membuat karakter dan lingkungan mereka sendiriâœ…mempelajari cara menganimasikan karakter di program komputer teratasâœ…menulis skrip untuk karakternyaâœ…membuat kartun 2Dnya sendiriKelas uji coba hanya cocok untuk anak-anak di atas 8 tahun.ðŸ‘‰Klik ""Selengkapnya"" untuk Pelajaran GRATIS","We provide individual trial lessons on digital creativity In the class, your child will: âœ…create their own characters and environments âœ…learn how to animate characters in top computer programs âœ…write scripts for their characters âœ…create their own 2D cartoons The trial class is only suitable for children over 8 years old. ðŸ‘‰Click ""More"" for FREE Lessons",,https://www.kodland.org/welcome/quiz/indo_base_1?segment=4&date_start=0&date_end=6&utm_source={{site_source_name}}&utm_medium={{placement}}&utm_campaign={{adset.name}}&utm_content={{ad.id}}&utm_term={{ad.name}},Learn More,11,1,63,0,1,No,1,0,No,single_image,,,"GRATIS, coba",,,,pemrograman,"GRATIS, coba",,"GRATIS, coba",Kodland Indonesia
,https://osokxlweresllgbclkme.supabase.co/storage/v1/object/public/competitor-creatives/Kodland%20Indonesia/discovered_1763825105370_52_1763825939112.jpg,,,discovered_1763825105370_52,Kodland Indonesia,"Kami memberikan pelajaran uji coba individu tentang kreativitas digital Di kelas, anak anda akan :âœ…membuat karakter dan lingkungan mereka sendiriâœ…mempelajari cara menganimasikan karakter di program komputer teratasâœ…menulis skrip untuk karakternyaâœ…membuat kartun 2Dnya sendiriKelas uji coba hanya cocok untuk anak-anak di atas 8 tahun.ðŸ‘‰Klik ""Selengkapnya"" untuk Pelajaran GRATIS","We provide individual trial lessons on digital creativity In the class, your child will: âœ…create their own characters and environments âœ…learn how to animate characters in top computer programs âœ…write scripts for their characters âœ…create their own 2D cartoons The trial class is only suitable for children over 8 years old. ðŸ‘‰Click ""More"" for FREE Lessons",,https://www.kodland.org/welcome/quiz/indo_base_1?segment=4&date_start=0&date_end=6&utm_source={{site_source_name}}&utm_medium={{placement}}&utm_campaign={{adset.name}}&utm_content={{ad.id}}&utm_term={{ad.name}},Learn More,11,1,63,0,1,No,1,0,No,single_image,,,"GRATIS, coba",,,,,"GRATIS, coba",,Demo,Kodland Indonesia
,https://osokxlweresllgbclkme.supabase.co/storage/v1/object/public/competitor-creatives/Kodland%20Indonesia/discovered_1763825105352_8_1763825929057.jpg,,,discovered_1763825105352_8,Kodland Indonesia,"Kami memberikan pelajaran uji coba individu tentang kreativitas digital Di kelas, anak anda akan :âœ…membuat karakter dan lingkungan mereka sendiriâœ…mempelajari cara menganimasikan karakter di program komputer teratasâœ…menulis skrip untuk karakternyaâœ…membuat kartun 2Dnya sendiriKelas uji coba hanya cocok untuk anak-anak di atas 8 tahun.ðŸ‘‰Klik ""Selengkapnya"" untuk Pelajaran GRATIS","We provide individual trial lessons on digital creativity In the class, your child will: âœ…create their own characters and environments âœ…learn how to animate characters in top computer programs âœ…write scripts for their characters âœ…create their own 2D cartoons The trial class is only suitable for children over 8 years old. ðŸ‘‰Click ""More"" for FREE Lessons",https://www.facebook.com/ads/library/?id=1539327810552773,https://www.kodland.org/welcome/quiz/indo_base_1?segment=4&date_start=0&date_end=6&utm_source={{site_source_name}}&utm_medium={{placement}}&utm_campaign={{adset.name}}&utm_content={{ad.id}}&utm_term={{ad.name}},See more,12,1,63,0,1,No,8,0,Yes,carousel,,,"GRATIS, coba",,,,,,,,
,https://osokxlweresllgbclkme.supabase.co/storage/v1/object/public/competitor-creatives/Kodland%20Indonesia/discovered_1763825105366_18_1763825931412.jpg,,,discovered_1763825105366_18,Kodland Indonesia,"Kami memberikan pelajaran uji coba individu tentang kreativitas digital Di kelas, anak anda akan :âœ…membuat karakter dan lingkungan mereka sendiriâœ…mempelajari cara menganimasikan karakter di program komputer teratasâœ…menulis skrip untuk karakternyaâœ…membuat kartun 2Dnya sendiriKelas uji coba hanya cocok untuk anak-anak di atas 8 tahun.ðŸ‘‰Klik ""Selengkapnya"" untuk Pelajaran GRATIS","We provide individual trial lessons on digital creativity In the class, your child will: âœ…create their own characters and environments âœ…learn how to animate characters in top computer programs âœ…write scripts for their characters âœ…create their own 2D cartoons The trial class is only suitable for children over 8 years old. ðŸ‘‰Click ""More"" for FREE Lessons",https://www.facebook.com/ads/library/?id=1539327810552773,https://www.kodland.org/welcome/quiz/indo_base_1?segment=4&date_start=0&date_end=6&utm_source={{site_source_name}}&utm_medium={{placement}}&utm_campaign={{adset.name}}&utm_content={{ad.id}}&utm_term={{ad.name}},See more,12,1,63,0,1,No,8,0,Yes,carousel,,,"GRATIS, coba",,,,,,,,
,https://osokxlweresllgbclkme.supabase.co/storage/v1/object/public/competitor-creatives/Kodland%20Indonesia/discovered_1763825105369_36_1763825935761.jpg,,,discovered_1763825105369_36,Kodland Indonesia,"Kami memberikan pelajaran uji coba individu tentang kreativitas digital Di kelas, anak anda akan :âœ…membuat karakter dan lingkungan mereka sendiriâœ…mempelajari cara menganimasikan karakter di program komputer teratasâœ…menulis skrip untuk karakternyaâœ…membuat kartun 2Dnya sendiriKelas uji coba hanya cocok untuk anak-anak di atas 8 tahun.ðŸ‘‰Klik ""Selengkapnya"" untuk Pelajaran GRATIS","We provide individual trial lessons on digital creativity In the class, your child will: âœ…create their own characters and environments âœ…learn how to animate characters in top computer programs âœ…write scripts for their characters âœ…create their own 2D cartoons The trial class is only suitable for children over 8 years old. ðŸ‘‰Click ""More"" for FREE Lessons",,https://www.kodland.org/welcome/quiz/indo_base_1?segment=4&date_start=0&date_end=6&utm_source={{site_source_name}}&utm_medium={{placement}}&utm_campaign={{adset.name}}&utm_content={{ad.id}}&utm_term={{ad.name}},,12,1,63,0,1,No,1,0,No,single_image,,,"GRATIS, coba",,,,,,,,
,https://osokxlweresllgbclkme.supabase.co/storage/v1/object/public/competitor-creatives/Kodland%20Indonesia/discovered_1763825105372_68_1763825942161.jpg,,,discovered_1763825105372_68,Kodland Indonesia,"Kami memberikan pelajaran uji coba individu tentang kreativitas digital Di kelas, anak anda akan :âœ…membuat karakter dan lingkungan mereka sendiriâœ…mempelajari cara menganimasikan karakter di program komputer teratasâœ…menulis skrip untuk karakternyaâœ…membuat kartun 2Dnya sendiriKelas uji coba hanya cocok untuk anak-anak di atas 8 tahun.ðŸ‘‰Klik ""Selengkapnya"" untuk Pelajaran GRATIS","We provide individual trial lessons on digital creativity In the class, your child will: âœ…create their own characters and environments âœ…learn how to animate characters in top computer programs âœ…write scripts for their characters âœ…create their own 2D cartoons The trial class is only suitable for children over 8 years old. ðŸ‘‰Click ""More"" for FREE Lessons",,https://www.kodland.org/welcome/quiz/indo_base_1?segment=4&date_start=0&date_end=6&utm_source={{site_source_name}}&utm_medium={{placement}}&utm_campaign={{adset.name}}&utm_content={{ad.id}}&utm_term={{ad.name}},Learn More,12,1,63,0,1,No,1,0,No,single_image,,,"GRATIS, coba",,,,,,,,
,https://osokxlweresllgbclkme.supabase.co/storage/v1/object/public/competitor-creatives/Kodland%20Indonesia/discovered_1763825105373_79_1763825944445.jpg,,,discovered_1763825105373_79,Kodland Indonesia,"Kami memberikan pelajaran uji coba individu tentang kreativitas digital Di kelas, anak anda akan :âœ…membuat karakter dan lingkungan mereka sendiriâœ…mempelajari cara menganimasikan karakter di program komputer teratasâœ…menulis skrip untuk karakternyaâœ…membuat kartun 2Dnya sendiriKelas uji coba hanya cocok untuk anak-anak di atas 8 tahun.ðŸ‘‰Klik ""Selengkapnya"" untuk Pelajaran GRATIS","We provide individual trial lessons on digital creativity In the class, your child will: âœ…create their own characters and environments âœ…learn how to animate characters in top computer programs âœ…write scripts for their characters âœ…create their own 2D cartoons The trial class is only suitable for children over 8 years old. ðŸ‘‰Click ""More"" for FREE Lessons",,https://www.kodland.org/welcome/quiz/indo_base_1?segment=4&date_start=0&date_end=6&utm_source={{site_source_name}}&utm_medium={{placement}}&utm_campaign={{adset.name}}&utm_content={{ad.id}}&utm_term={{ad.name}},Learn More,12,1,63,0,1,No,1,0,No,single_image,,,"GRATIS, coba",,,,,,,,
,https://osokxlweresllgbclkme.supabase.co/storage/v1/object/public/competitor-creatives/Kodland%20Indonesia/discovered_1763825105373_85_1763825945437.jpg,,,discovered_1763825105373_85,Kodland Indonesia,"Kami memberikan pelajaran uji coba individu tentang kreativitas digital Di kelas, anak anda akan :âœ…membuat karakter dan lingkungan mereka sendiriâœ…mempelajari cara menganimasikan karakter di program komputer teratasâœ…menulis skrip untuk karakternyaâœ…membuat kartun 2Dnya sendiriðŸ‘‰Klik ""Selengkapnya"" untuk Pelajaran GRATIS","We provide individual trial lessons on digital creativity In the class, your child will: âœ…create their own characters and environments âœ…learn how to animate characters in top computer programs âœ…write scripts for their characters âœ…create their own 2D cartoons The trial class is only suitable for children over 8 years old. ðŸ‘‰Click ""More"" for FREE Lessons",https://www.facebook.com/ads/library/?id=1577345736592292,https://www.kodland.org/welcome/quiz/indo_base_1?segment=4&date_start=0&date_end=6&utm_source={{site_source_name}}&utm_medium={{placement}}&utm_campaign={{adset.name}}&utm_content={{ad.id}}&utm_term={{ad.name}},Open Dropdownâ€‹,14,1,7,0,1,No,1,0,No,single_image,,,"GRATIS, coba",,,,,,,,
,https://osokxlweresllgbclkme.supabase.co/storage/v1/object/public/competitor-creatives/Kodland%20Indonesia/discovered_1763825105354_9_1763825929311.jpg,,,discovered_1763825105354_9,Kodland Indonesia,"Kami memberikan pelajaran uji coba individu tentang kreativitas digital Di kelas, anak anda akan :âœ…membuat karakter dan lingkungan mereka sendiriâœ…mempelajari cara menganimasikan karakter di program komputer teratasâœ…menulis skrip untuk karakternyaâœ…membuat kartun 2Dnya sendiriKelas uji coba hanya cocok untuk anak-anak di atas 8 tahun.ðŸ‘‰Klik ""Selengkapnya"" untuk Pelajaran GRATIS","We provide individual trial lessons on digital creativity In class, your child will: âœ…create their own characters and environments âœ…learn how to animate characters in top computer programs âœ…write scripts for their characters âœ…create their own 2D cartoons ðŸ‘‰Click ""More"" for FREE Lessons",https://www.facebook.com/ads/library/?id=1539327810552773,https://www.kodland.org/welcome/quiz/indo_base_1?segment=4&date_start=0&date_end=6&utm_source={{site_source_name}}&utm_medium={{placement}}&utm_campaign={{adset.name}}&utm_content={{ad.id}}&utm_term={{ad.name}},See more,16,1,63,0,1,No,8,0,Yes,carousel,,,"GRATIS, coba",,,,,,,,
,https://osokxlweresllgbclkme.supabase.co/storage/v1/object/public/competitor-creatives/Kodland%20Indonesia/discovered_1763825105373_86_1763825945686.jpg,,,discovered_1763825105373_86,Kodland Indonesia,"Kami memberikan pelajaran uji coba individu tentang kreativitas digital Di kelas, anak anda akan :âœ…membuat karakter dan lingkungan mereka sendiriâœ…mempelajari cara menganimasikan karakter di program komputer teratasâœ…menulis skrip untuk karakternyaâœ…membuat kartun 2Dnya sendiriðŸ‘‰Klik ""Selengkapnya"" untuk Pelajaran GRATIS","We provide individual trial lessons on digital creativity In the class, your child will: âœ…create their own characters and environments âœ…learn how to animate characters in top computer programs âœ…write scripts for their characters âœ…create their own 2D cartoons The trial class is only suitable for children over 8 years old. ðŸ‘‰Click ""More"" for FREE Lessons",,https://www.kodland.org/welcome/quiz/indo_base_1?segment=4&date_start=0&date_end=6&utm_source={{site_source_name}}&utm_medium={{placement}}&utm_campaign={{adset.name}}&utm_content={{ad.id}}&utm_term={{ad.name}},,16,1,7,0,1,No,1,0,No,single_image,,,"GRATIS, coba",,,,,,,,
,https://osokxlweresllgbclkme.supabase.co/storage/v1/object/public/competitor-creatives/Kodland%20Indonesia/discovered_1763825105371_63_1763825941427.jpg,,,discovered_1763825105371_63,Kodland Indonesia,"Kami memberikan pelajaran uji coba individu tentang kreativitas digital Di kelas, anak anda akan :âœ…membuat karakter dan lingkungan mereka sendiriâœ…mempelajari cara menganimasikan karakter di program komputer teratasâœ…menulis skrip untuk karakternyaâœ…membuat kartun 2Dnya sendiriKelas uji coba hanya cocok untuk anak-anak di atas 9 tahun.ðŸ‘‰Klik ""Selengkapnya"" untuk Pelajaran GRATIS","We provide individual trial lessons on digital creativity In the class, your child will: âœ…create their own characters and environments âœ…learn how to animate characters in top computer programs âœ…write scripts for their characters âœ…create their own 2D cartoons The trial class is only suitable for children over 8 years old. ðŸ‘‰Click ""More"" for FREE Lessons",,https://www.kodland.org/welcome/quiz/indo_base_1?segment=4&date_start=0&date_end=6&utm_source={{site_source_name}}&utm_medium={{placement}}&utm_campaign={{adset.name}}&utm_content={{ad.id}}&utm_term={{ad.name}},Learn More,17,1,8,0,1,No,1,0,No,single_image,,,"GRATIS, coba",,,,,,,,
,https://osokxlweresllgbclkme.supabase.co/storage/v1/object/public/competitor-creatives/Kodland%20Indonesia/discovered_1763825105368_23_1763825932637.jpg,,,discovered_1763825105368_23,Kodland Indonesia,"Kami memberikan pelajaran uji coba individu tentang kreativitas digital Di kelas, anak anda akan :âœ…membuat karakter dan lingkungan mereka sendiriâœ…mempelajari cara menganimasikan karakter di program komputer teratasâœ…menulis skrip untuk karakternyaâœ…membuat kartun 2Dnya sendiriKelas uji coba hanya cocok untuk anak-anak di atas 8 tahun.ðŸ‘‰Klik ""Selengkapnya"" untuk Pelajaran GRATIS","We provide individual trial lessons on digital creativity In the class, your child will: âœ…create their own characters and environments âœ…learn how to animate characters in top computer programs âœ…write scripts for their characters âœ…create their own 2D cartoons The trial class is only suitable for children over 9 years old. ðŸ‘‰Click ""More"" for FREE Lessons",https://www.facebook.com/ads/library/?id=1539327810552773,https://www.kodland.org/welcome/quiz/indo_base_1?segment=4&date_start=0&date_end=6&utm_source={{site_source_name}}&utm_medium={{placement}}&utm_campaign={{adset.name}}&utm_content={{ad.id}}&utm_term={{ad.name}},Learn More,18,1,63,0,1,No,1,0,No,single_image,,,"GRATIS, coba",,,,,,,,
,https://osokxlweresllgbclkme.supabase.co/storage/v1/object/public/competitor-creatives/Kodland%20Indonesia/discovered_1763825105361_13_1763825930257.jpg,,,discovered_1763825105361_13,Kodland Indonesia,"Kami memberikan pelajaran uji coba individu tentang kreativitas digital Di kelas, anak anda akan :âœ…membuat karakter dan lingkungan mereka sendiriâœ…mempelajari cara menganimasikan karakter di program komputer teratasâœ…menulis skrip untuk karakternyaâœ…membuat kartun 2Dnya sendiriKelas uji coba hanya cocok untuk anak-anak di atas 8 tahun.ðŸ‘‰Klik ""Selengkapnya"" untuk Pelajaran GRATIS","We provide individual trial lessons on digital creativity In the class, your child will: âœ…create their own characters and environments âœ…learn how to animate characters in top computer programs âœ…write scripts for their characters âœ…create their own 2D cartoons The trial class is only suitable for children over 8 years old. ðŸ‘‰Click ""More"" for FREE Lessons",https://www.facebook.com/ads/library/?id=1539327810552773,https://www.kodland.org/welcome/quiz/indo_base_1?segment=4&date_start=0&date_end=6&utm_source={{site_source_name}}&utm_medium={{placement}}&utm_campaign={{adset.name}}&utm_content={{ad.id}}&utm_term={{ad.name}},See more,19,1,63,0,1,No,8,0,Yes,carousel,,,"GRATIS, coba",,,,,,,,
,https://osokxlweresllgbclkme.supabase.co/storage/v1/object/public/competitor-creatives/Kodland%20Indonesia/discovered_1763825105370_41_1763825936918.jpg,,,discovered_1763825105370_41,Kodland Indonesia,"Kami memberikan pelajaran uji coba individu tentang kreativitas digital Di kelas, anak anda akan :âœ…membuat karakter dan lingkungan mereka sendiriâœ…mempelajari cara menganimasikan karakter di program komputer teratasâœ…menulis skrip untuk karakternyaâœ…membuat kartun 2Dnya sendiriKelas uji coba hanya cocok untuk anak-anak di atas 8 tahun.ðŸ‘‰Klik ""Selengkapnya"" untuk Pelajaran GRATIS","We provide individual trial lessons on digital creativity In the class, your child will: âœ…create their own characters and environments âœ…learn how to animate characters in top computer programs âœ…write scripts for their characters âœ…create their own 2D cartoons The trial class is only suitable for children over 8 years old. ðŸ‘‰Click ""More"" for FREE Lessons",,https://www.kodland.org/welcome/quiz/indo_base_1?segment=4&date_start=0&date_end=6&utm_source={{site_source_name}}&utm_medium={{placement}}&utm_campaign={{adset.name}}&utm_content={{ad.id}}&utm_term={{ad.name}},Learn More,19,1,63,0,1,No,1,0,No,single_image,,,"GRATIS, coba",,,,,,,,
,https://osokxlweresllgbclkme.supabase.co/storage/v1/object/public/competitor-creatives/Kodland%20Indonesia/discovered_1763825105373_81_1763825944908.jpg,,,discovered_1763825105373_81,Kodland Indonesia,"Kami memberikan pelajaran uji coba individu tentang kreativitas digital Di kelas, anak anda akan :âœ…membuat karakter dan lingkungan mereka sendiriâœ…mempelajari cara menganimasikan karakter di program komputer teratasâœ…menulis skrip untuk karakternyaâœ…membuat kartun 2Dnya sendiriKelas uji coba hanya cocok untuk anak-anak di atas 8 tahun.ðŸ‘‰Klik ""Selengkapnya"" untuk Pelajaran GRATIS","We provide individual trial lessons on digital creativity In the class, your child will: âœ…create their own characters and environments âœ…learn how to animate characters in top computer programs âœ…write scripts for their characters âœ…create their own 2D cartoons The trial class is only suitable for children over 8 years old. ðŸ‘‰Click ""More"" for FREE Lessons",,https://www.kodland.org/welcome/quiz/indo_base_1?segment=4&date_start=0&date_end=6&utm_source={{site_source_name}}&utm_medium={{placement}}&utm_campaign={{adset.name}}&utm_content={{ad.id}}&utm_term={{ad.name}},Learn More,19,1,63,0,1,No,1,0,No,single_image,,,"GRATIS, coba",,,,,,,,
,https://osokxlweresllgbclkme.supabase.co/storage/v1/object/public/competitor-creatives/Kodland%20Indonesia/discovered_1763825105357_11_1763825929775.jpg,,,discovered_1763825105357_11,Kodland Indonesia,"Kami memberikan pelajaran uji coba individu tentang kreativitas digital Di kelas, anak anda akan :âœ…membuat karakter dan lingkungan mereka sendiriâœ…mempelajari cara menganimasikan karakter di program komputer teratasâœ…menulis skrip untuk karakternyaâœ…membuat kartun 2Dnya sendiriKelas uji coba hanya cocok untuk anak-anak di atas 8 tahun.ðŸ‘‰Klik ""Selengkapnya"" untuk Pelajaran GRATIS","We provide individual trial lessons on digital creativity In the class, your child will: âœ…create their own characters and environments âœ…learn how to animate characters in top computer programs âœ…write scripts for their characters âœ…create their own 2D cartoons The trial class is only suitable for children over 9 years old. ðŸ‘‰Click ""More"" for FREE Lessons",https://www.facebook.com/ads/library/?id=1539327810552773,https://www.kodland.org/welcome/quiz/indo_base_1?segment=4&date_start=0&date_end=6&utm_source={{site_source_name}}&utm_medium={{placement}}&utm_campaign={{adset.name}}&utm_content={{ad.id}}&utm_term={{ad.name}},See more,21,1,63,0,1,No,8,0,Yes,carousel,,,"GRATIS, coba",,,,,,,,
,https://osokxlweresllgbclkme.supabase.co/storage/v1/object/public/competitor-creatives/Kodland%20Indonesia/discovered_1763825105367_20_1763825931925.jpg,,,discovered_1763825105367_20,Kodland Indonesia,"Kami memberikan pelajaran uji coba individu tentang kreativitas digital Di kelas, anak anda akan :âœ…membuat karakter dan lingkungan mereka sendiriâœ…mempelajari cara menganimasikan karakter di program komputer teratasâœ…menulis skrip untuk karakternyaâœ…membuat kartun 2Dnya sendiriKelas uji coba hanya cocok untuk anak-anak di atas 8 tahun.ðŸ‘‰Klik ""Selengkapnya"" untuk Pelajaran GRATIS","We provide individual trial lessons on digital creativity In class, your child will: âœ…create their own characters and environments âœ…learn how to animate characters in top computer programs âœ…write scripts for their characters âœ…create their own 2D cartoons ðŸ‘‰Click ""More"" for FREE Lessons",https://www.facebook.com/ads/library/?id=1539327810552773,https://www.kodland.org/welcome/quiz/indo_base_1?segment=4&date_start=0&date_end=6&utm_source={{site_source_name}}&utm_medium={{placement}}&utm_campaign={{adset.name}}&utm_content={{ad.id}}&utm_term={{ad.name}},Learn More,21,1,63,0,1,No,8,0,Yes,carousel,,,"GRATIS, coba",,,,,,,,
,https://osokxlweresllgbclkme.supabase.co/storage/v1/object/public/competitor-creatives/Kodland%20Indonesia/discovered_1763825105370_44_1763825937639.jpg,,,discovered_1763825105370_44,Kodland Indonesia,"Kami memberikan pelajaran uji coba individu tentang kreativitas digital Di kelas, anak anda akan :âœ…membuat karakter dan lingkungan mereka sendiriâœ…mempelajari cara menganimasikan karakter di program komputer teratasâœ…menulis skrip untuk karakternyaâœ…membuat kartun 2Dnya sendiriKelas uji coba hanya cocok untuk anak-anak di atas 8 tahun.ðŸ‘‰Klik ""Selengkapnya"" untuk Pelajaran GRATIS","We provide individual trial lessons on digital creativity In the class, your child will: âœ…create their own characters and environments âœ…learn how to animate characters in top computer programs âœ…write scripts for their characters âœ…create their own 2D cartoons The trial class is only suitable for children over 8 years old. ðŸ‘‰Click ""More"" for FREE Lessons",,https://www.kodland.org/welcome/quiz/indo_base_1?segment=4&date_start=0&date_end=6&utm_source={{site_source_name}}&utm_medium={{placement}}&utm_campaign={{adset.name}}&utm_content={{ad.id}}&utm_term={{ad.name}},Learn More,24,1,63,0,1,No,1,0,No,single_image,,,"GRATIS, coba",,,,,,,,
,https://osokxlweresllgbclkme.supabase.co/storage/v1/object/public/competitor-creatives/Kodland%20Indonesia/discovered_1763825105371_54_1763825939553.jpg,,,discovered_1763825105371_54,Kodland Indonesia,"Kami memberikan pelajaran uji coba individu tentang kreativitas digital Di kelas, anak anda akan :âœ…membuat karakter dan lingkungan mereka sendiriâœ…mempelajari cara menganimasikan karakter di program komputer teratasâœ…menulis skrip untuk karakternyaâœ…membuat kartun 2Dnya sendiriKelas uji coba hanya cocok untuk anak-anak di atas 8 tahun.ðŸ‘‰Klik ""Selengkapnya"" untuk Pelajaran GRATIS","We provide individual trial lessons on digital creativity In the class, your child will: âœ…create their own characters and environments âœ…learn how to animate characters in top computer programs âœ…write scripts for their characters âœ…create their own 2D cartoons The trial class is only suitable for children over 8 years old. ðŸ‘‰Click ""More"" for FREE Lessons",,https://www.kodland.org/welcome/quiz/indo_base_1?segment=4&date_start=0&date_end=6&utm_source={{site_source_name}}&utm_medium={{placement}}&utm_campaign={{adset.name}}&utm_content={{ad.id}}&utm_term={{ad.name}},Learn More,26,1,63,0,1,No,1,0,No,single_image,,,"GRATIS, coba",,,,,,,,
,https://osokxlweresllgbclkme.supabase.co/storage/v1/object/public/competitor-creatives/Kodland%20Indonesia/discovered_1763825105373_84_1763825945176.jpg,,,discovered_1763825105373_84,Kodland Indonesia,"Kami memberikan pelajaran uji coba individu tentang kreativitas digital Di kelas, anak anda akan :âœ…membuat karakter dan lingkungan mereka sendiriâœ…mempelajari cara menganimasikan karakter di program komputer teratasâœ…menulis skrip untuk karakternyaâœ…membuat kartun 2Dnya sendiriðŸ‘‰Klik ""Selengkapnya"" untuk Pelajaran GRATIS","We provide individual trial lessons on digital creativity In the class, your child will: âœ…create their own characters and environments âœ…learn how to animate characters in top computer programs âœ…write scripts for their characters âœ…create their own 2D cartoons The trial class is only suitable for children over 8 years old. ðŸ‘‰Click ""More"" for FREE Lessons",https://www.facebook.com/ads/library/?id=1577345736592292,https://www.kodland.org/welcome/quiz/indo_base_1?segment=4&date_start=0&date_end=6&utm_source={{site_source_name}}&utm_medium={{placement}}&utm_campaign={{adset.name}}&utm_content={{ad.id}}&utm_term={{ad.name}},Open Dropdownâ€‹,27,1,7,0,1,No,1,0,No,single_image,,,"GRATIS, coba",,,,,,,,
,https://osokxlweresllgbclkme.supabase.co/storage/v1/object/public/competitor-creatives/Kodland%20Indonesia/discovered_1763825105371_61_1763825940885.jpg,,,discovered_1763825105371_61,Kodland Indonesia,"Kami memberikan pelajaran uji coba individu tentang kreativitas digital Di kelas, anak anda akan :âœ…membuat karakter dan lingkungan mereka sendiriâœ…mempelajari cara menganimasikan karakter di program komputer teratasâœ…menulis skrip untuk karakternyaâœ…membuat kartun 2Dnya sendiriKelas uji coba hanya cocok untuk anak-anak di atas 9 tahun.ðŸ‘‰Klik ""Selengkapnya"" untuk Pelajaran GRATIS","We provide individual trial lessons on digital creativity In the class, your child will: âœ…create their own characters and environments âœ…learn how to animate characters in top computer programs âœ…write scripts for their characters âœ…create their own 2D cartoons The trial class is only suitable for children over 8 years old. ðŸ‘‰Click ""More"" for FREE Lessons",,https://www.kodland.org/welcome/quiz/indo_base_1?segment=4&date_start=0&date_end=6&utm_source={{site_source_name}}&utm_medium={{placement}}&utm_campaign={{adset.name}}&utm_content={{ad.id}}&utm_term={{ad.name}},Learn More,28,1,8,0,1,No,1,0,No,single_image,,,"GRATIS, coba",,,,,,,,
,https://osokxlweresllgbclkme.supabase.co/storage/v1/object/public/competitor-creatives/Kodland%20Indonesia/discovered_1763825105368_25_1763825933146.jpg,,,discovered_1763825105368_25,Kodland Indonesia,"Kami memberikan pelajaran uji coba individu tentang kreativitas digital Di kelas, anak anda akan :âœ…membuat karakter dan lingkungan mereka sendiriâœ…mempelajari cara menganimasikan karakter di program komputer teratasâœ…menulis skrip untuk karakternyaâœ…membuat kartun 2Dnya sendiriKelas uji coba hanya cocok untuk anak-anak di atas 8 tahun.ðŸ‘‰Klik ""Selengkapnya"" untuk Pelajaran GRATIS","We provide individual trial lessons on digital creativity In the class, your child will: âœ…create their own characters and environments âœ…learn how to animate characters in top computer programs âœ…write scripts for their characters âœ…create their own 2D cartoons The trial class is only suitable for children over 8 years old. ðŸ‘‰Click ""More"" for FREE Lessons",,https://www.kodland.org/welcome/quiz/indo_base_1?segment=4&date_start=0&date_end=6&utm_source={{site_source_name}}&utm_medium={{placement}}&utm_campaign={{adset.name}}&utm_content={{ad.id}}&utm_term={{ad.name}},Learn More,29,1,63,0,1,No,1,0,No,single_image,,,"GRATIS, coba",,,,,,,,
,https://osokxlweresllgbclkme.supabase.co/storage/v1/object/public/competitor-creatives/Kodland%20Indonesia/discovered_1763825105370_49_1763825938380.jpg,,,discovered_1763825105370_49,Kodland Indonesia,"Kami memberikan pelajaran uji coba individu tentang kreativitas digital Di kelas, anak anda akan :âœ…membuat karakter dan lingkungan mereka sendiriâœ…mempelajari cara menganimasikan karakter di program komputer teratasâœ…menulis skrip untuk karakternyaâœ…membuat kartun 2Dnya sendiriKelas uji coba hanya cocok untuk anak-anak di atas 8 tahun.ðŸ‘‰Klik ""Selengkapnya"" untuk Pelajaran GRATIS","We provide individual trial lessons on digital creativity In the class, your child will: âœ…create their own characters and environments âœ…learn how to animate characters in top computer programs âœ…write scripts for their characters âœ…create their own 2D cartoons The trial class is only suitable for children over 9 years old. ðŸ‘‰Click ""More"" for FREE Lessons",https://www.facebook.com/ads/library/?id=835267732662066,https://www.kodland.org/welcome/quiz/indo_base_1?segment=4&date_start=0&date_end=6&utm_source={{site_source_name}}&utm_medium={{placement}}&utm_campaign={{adset.name}}&utm_content={{ad.id}}&utm_term={{ad.name}},Learn More,29,1,63,0,1,No,1,0,No,single_image,,,"GRATIS, coba",,,,,,,,
,https://osokxlweresllgbclkme.supabase.co/storage/v1/object/public/competitor-creatives/Kodland%20Indonesia/discovered_1763825105345_2_1763825927462.jpg,,,discovered_1763825105345_2,Kodland Indonesia,"Kami memberikan pelajaran uji coba individu tentang kreativitas digital Di kelas, anak anda akan :âœ…membuat karakter dan lingkungan mereka sendiriâœ…mempelajari cara menganimasikan karakter di program komputer teratasâœ…menulis skrip untuk karakternyaâœ…membuat kartun 2Dnya sendiriKelas uji coba hanya cocok untuk anak-anak di atas 8 tahun.ðŸ‘‰Klik ""Selengkapnya"" untuk Pelajaran GRATIS","We provide individual trial lessons on digital creativity In the class, your child will: âœ…create their own characters and environments âœ…learn how to animate characters in top computer programs âœ…write scripts for their characters âœ…create their own 2D cartoons The trial class is only suitable for children over 8 years old. ðŸ‘‰Click ""More"" for FREE Lessons",,https://www.kodland.org/welcome/quiz/indo_base_1?segment=4&date_start=0&date_end=6&utm_source={{site_source_name}}&utm_medium={{placement}}&utm_campaign={{adset.name}}&utm_content={{ad.id}}&utm_term={{ad.name}},Learn More,32,1,63,0,1,No,1,0,No,single_image,,,"GRATIS, coba",,,,,,,,
,https://osokxlweresllgbclkme.supabase.co/storage/v1/object/public/competitor-creatives/Kodland%20Indonesia/discovered_1763825105359_12_1763825929992.jpg,,,discovered_1763825105359_12,Kodland Indonesia,"Kami memberikan pelajaran uji coba individu tentang kreativitas digital Di kelas, anak anda akan :âœ…membuat karakter dan lingkungan mereka sendiriâœ…mempelajari cara menganimasikan karakter di program komputer teratasâœ…menulis skrip untuk karakternyaâœ…membuat kartun 2Dnya sendiriKelas uji coba hanya cocok untuk anak-anak di atas 8 tahun.ðŸ‘‰Klik ""Selengkapnya"" untuk Pelajaran GRATIS","We provide individual trial lessons on digital creativity In the class, your child will: âœ…create their own characters and environments âœ…learn how to animate characters in top computer programs âœ…write scripts for their characters âœ…create their own 2D cartoons The trial class is only suitable for children over 9 years old. ðŸ‘‰Click ""More"" for FREE Lessons",https://www.facebook.com/ads/library/?id=1539327810552773,https://www.kodland.org/welcome/quiz/indo_base_1?segment=4&date_start=0&date_end=6&utm_source={{site_source_name}}&utm_medium={{placement}}&utm_campaign={{adset.name}}&utm_content={{ad.id}}&utm_term={{ad.name}},See more,32,1,63,0,1,No,8,0,Yes,carousel,,,"GRATIS, coba",,,,,,,,
,https://osokxlweresllgbclkme.supabase.co/storage/v1/object/public/competitor-creatives/Kodland%20Indonesia/discovered_1763825105368_21_1763825932162.jpg,,,discovered_1763825105368_21,Kodland Indonesia,"Kami memberikan pelajaran uji coba individu tentang kreativitas digital Di kelas, anak anda akan :âœ…membuat karakter dan lingkungan mereka sendiriâœ…mempelajari cara menganimasikan karakter di program komputer teratasâœ…menulis skrip untuk karakternyaâœ…membuat kartun 2Dnya sendiriKelas uji coba hanya cocok untuk anak-anak di atas 8 tahun.ðŸ‘‰Klik ""Selengkapnya"" untuk Pelajaran GRATIS","We provide individual trial lessons on digital creativity In the class, your child will: âœ…create their own characters and environments âœ…learn how to animate characters in top computer programs âœ…write scripts for their characters âœ…create their own 2D cartoons The trial class is only suitable for children over 8 years old. ðŸ‘‰Click ""More"" for FREE Lessons",https://www.facebook.com/ads/library/?id=1539327810552773,https://www.kodland.org/welcome/quiz/indo_base_1?segment=4&date_start=0&date_end=6&utm_source={{site_source_name}}&utm_medium={{placement}}&utm_campaign={{adset.name}}&utm_content={{ad.id}}&utm_term={{ad.name}},Learn More,32,1,63,0,1,No,8,0,Yes,carousel,,,"GRATIS, coba",,,,,,,,
,https://osokxlweresllgbclkme.supabase.co/storage/v1/object/public/competitor-creatives/Kodland%20Indonesia/discovered_1763825105370_48_1763825938128.jpg,,,discovered_1763825105370_48,Kodland Indonesia,"Kami memberikan pelajaran uji coba individu tentang kreativitas digital Di kelas, anak anda akan :âœ…membuat karakter dan lingkungan mereka sendiriâœ…mempelajari cara menganimasikan karakter di program komputer teratasâœ…menulis skrip untuk karakternyaâœ…membuat kartun 2Dnya sendiriKelas uji coba hanya cocok untuk anak-anak di atas 8 tahun.ðŸ‘‰Klik ""Selengkapnya"" untuk Pelajaran GRATIS","We provide individual trial lessons on digital creativity In the class, your child will: âœ…create their own characters and environments âœ…learn how to animate characters in top computer programs âœ…write scripts for their characters âœ…create their own 2D cartoons The trial class is only suitable for children over 8 years old. ðŸ‘‰Click ""More"" for FREE Lessons",https://www.facebook.com/ads/library/?id=835267732662066,https://www.kodland.org/welcome/quiz/indo_base_1?segment=4&date_start=0&date_end=6&utm_source={{site_source_name}}&utm_medium={{placement}}&utm_campaign={{adset.name}}&utm_content={{ad.id}}&utm_term={{ad.name}},Learn More,32,1,63,0,1,No,1,0,No,single_image,,,"GRATIS, coba",,,,,,,,
,https://osokxlweresllgbclkme.supabase.co/storage/v1/object/public/competitor-creatives/Kodland%20Indonesia/discovered_1763825105348_6_1763825928563.jpg,,,discovered_1763825105348_6,Kodland Indonesia,"Kami memberikan pelajaran uji coba individu tentang kreativitas digital Di kelas, anak anda akan :âœ…membuat karakter dan lingkungan mereka sendiriâœ…mempelajari cara menganimasikan karakter di program komputer teratasâœ…menulis skrip untuk karakternyaâœ…membuat kartun 2Dnya sendiriKelas uji coba hanya cocok untuk anak-anak di atas 8 tahun.ðŸ‘‰Klik ""Selengkapnya"" untuk Pelajaran GRATIS","We provide individual trial lessons on digital creativity In the class, your child will: âœ…create their own characters and environments âœ…learn how to animate characters in top computer programs âœ…write scripts for their characters âœ…create their own 2D cartoons The trial class is only suitable for children over 8 years old. ðŸ‘‰Click ""More"" for FREE Lessons",https://www.facebook.com/ads/library/?id=1539327810552773,https://www.kodland.org/welcome/quiz/indo_base_1?segment=4&date_start=0&date_end=6&utm_source={{site_source_name}}&utm_medium={{placement}}&utm_campaign={{adset.name}}&utm_content={{ad.id}}&utm_term={{ad.name}},See more,34,1,63,0,1,No,8,0,Yes,carousel,,,"GRATIS, coba",,,,,,,,
,https://osokxlweresllgbclkme.supabase.co/storage/v1/object/public/competitor-creatives/Kodland%20Indonesia/discovered_1763825105372_66_1763825941682.jpg,,,discovered_1763825105372_66,Kodland Indonesia,"Kami memberikan pelajaran uji coba individu tentang kreativitas digital Di kelas, anak anda akan :âœ…membuat karakter dan lingkungan mereka sendiriâœ…mempelajari cara menganimasikan karakter di program komputer teratasâœ…menulis skrip untuk karakternyaâœ…membuat kartun 2Dnya sendiriKelas uji coba hanya cocok untuk anak-anak di atas 8 tahun.ðŸ‘‰Klik ""Selengkapnya"" untuk Pelajaran GRATIS","We provide individual trial lessons on digital creativity In class, your child will: âœ…create their own characters and environments âœ…learn how to animate characters in top computer programs âœ…write scripts for their characters âœ…create their own 2D cartoons ðŸ‘‰Click ""More"" for FREE Lessons",https://www.facebook.com/ads/library/?id=1179258280310105,https://www.kodland.org/welcome/quiz/indo_base_1?segment=4&date_start=0&date_end=6&utm_source={{site_source_name}}&utm_medium={{placement}}&utm_campaign={{adset.name}}&utm_content={{ad.id}}&utm_term={{ad.name}},Learn More,34,1,63,0,1,No,1,0,No,single_image,,,"GRATIS, coba",,,,,,,,
,https://osokxlweresllgbclkme.supabase.co/storage/v1/object/public/competitor-creatives/Kodland%20Indonesia/discovered_1763825105373_80_1763825944685.jpg,,,discovered_1763825105373_80,Kodland Indonesia,"Kami memberikan pelajaran uji coba individu tentang kreativitas digital Di kelas, anak anda akan :âœ…membuat karakter dan lingkungan mereka sendiriâœ…mempelajari cara menganimasikan karakter di program komputer teratasâœ…menulis skrip untuk karakternyaâœ…membuat kartun 2Dnya sendiriKelas uji coba hanya cocok untuk anak-anak di atas 8 tahun.ðŸ‘‰Klik ""Selengkapnya"" untuk Pelajaran GRATIS","We provide individual trial lessons on digital creativity In the class, your child will: âœ…create their own characters and environments âœ…learn how to animate characters in top computer programs âœ…write scripts for their characters âœ…create their own 2D cartoons The trial class is only suitable for children over 8 years old. ðŸ‘‰Click ""More"" for FREE Lessons",,https://www.kodland.org/welcome/quiz/indo_base_1?segment=4&date_start=0&date_end=6&utm_source={{site_source_name}}&utm_medium={{placement}}&utm_campaign={{adset.name}}&utm_content={{ad.id}}&utm_term={{ad.name}},Learn More,34,1,63,0,1,No,1,0,No,single_image,,,"GRATIS, coba",,,,,,,,
,https://osokxlweresllgbclkme.supabase.co/storage/v1/object/public/competitor-creatives/Kodland%20Indonesia/discovered_1763825105345_1_1763825927177.jpg,,,discovered_1763825105345_1,Kodland Indonesia,"Kami memberikan pelajaran uji coba individu tentang kreativitas digital Di kelas, anak anda akan :âœ…membuat karakter dan lingkungan mereka sendiriâœ…mempelajari cara menganimasikan karakter di program komputer teratasâœ…menulis skrip untuk karakternyaâœ…membuat kartun 2Dnya sendiriKelas uji coba hanya cocok untuk anak-anak di atas 8 tahun.ðŸ‘‰Klik ""Selengkapnya"" untuk Pelajaran GRATIS","We provide individual trial lessons on digital creativity In the class, your child will: âœ…create their own characters and environments âœ…learn how to animate characters in top computer programs âœ…write scripts for their characters âœ…create their own 2D cartoons The trial class is only suitable for children over 8 years old. ðŸ‘‰Click ""More"" for FREE Lessons",,https://www.kodland.org/welcome/quiz/indo_base_1?segment=4&date_start=0&date_end=6&utm_source={{site_source_name}}&utm_medium={{placement}}&utm_campaign={{adset.name}}&utm_content={{ad.id}}&utm_term={{ad.name}},Learn More,36,1,63,0,1,No,1,0,No,single_image,,,"GRATIS, coba",,,,,,,,
,https://osokxlweresllgbclkme.supabase.co/storage/v1/object/public/competitor-creatives/Kodland%20Indonesia/discovered_1763825105371_58_1763825940160.jpg,,,discovered_1763825105371_58,Kodland Indonesia,"Kami memberikan pelajaran uji coba individu tentang kreativitas digital Di kelas, anak anda akan :âœ…membuat karakter dan lingkungan mereka sendiriâœ…mempelajari cara menganimasikan karakter di program komputer teratasâœ…menulis skrip untuk karakternyaâœ…membuat kartun 2Dnya sendiriKelas uji coba hanya cocok untuk anak-anak di atas 9 tahun.ðŸ‘‰Klik ""Selengkapnya"" untuk Pelajaran GRATIS","We provide individual trial lessons on digital creativity In the class, your child will: âœ…create their own characters and environments âœ…learn how to animate characters in top computer programs âœ…write scripts for their characters âœ…create their own 2D cartoons The trial class is only suitable for children over 8 years old. ðŸ‘‰Click ""More"" for FREE Lessons",https://www.facebook.com/ads/library/?id=1212699064047030,https://www.kodland.org/welcome/quiz/indo_base_1?segment=4&date_start=0&date_end=6&utm_source={{site_source_name}}&utm_medium={{placement}}&utm_campaign={{adset.name}}&utm_content={{ad.id}}&utm_term={{ad.name}},Learn More,37,1,8,0,1,No,1,0,No,single_image,,,"GRATIS, coba",,,,,,,,
,https://osokxlweresllgbclkme.supabase.co/storage/v1/object/public/competitor-creatives/Kodland%20Indonesia/discovered_1763825105371_59_1763825940401.jpg,,,discovered_1763825105371_59,Kodland Indonesia,"Kami memberikan pelajaran uji coba individu tentang kreativitas digital Di kelas, anak anda akan :âœ…membuat karakter dan lingkungan mereka sendiriâœ…mempelajari cara menganimasikan karakter di program komputer teratasâœ…menulis skrip untuk karakternyaâœ…membuat kartun 2Dnya sendiriKelas uji coba hanya cocok untuk anak-anak di atas 9 tahun.ðŸ‘‰Klik ""Selengkapnya"" untuk Pelajaran GRATIS","We provide individual trial lessons on digital creativity In the class, your child will: âœ…create their own characters and environments âœ…learn how to animate characters in top computer programs âœ…write scripts for their characters âœ…create their own 2D cartoons The trial class is only suitable for children over 8 years old. ðŸ‘‰Click ""More"" for FREE Lessons",,https://www.kodland.org/welcome/quiz/indo_base_1?segment=4&date_start=0&date_end=6&utm_source={{site_source_name}}&utm_medium={{placement}}&utm_campaign={{adset.name}}&utm_content={{ad.id}}&utm_term={{ad.name}},Learn More,37,1,8,0,1,No,1,0,No,single_image,,,"GRATIS, coba",,,,,,,,
,https://osokxlweresllgbclkme.supabase.co/storage/v1/object/public/competitor-creatives/Kodland%20Indonesia/discovered_1763825105373_87_1763825945965.jpg,,,discovered_1763825105373_87,Kodland Indonesia,"Kami memberikan pelajaran uji coba individu tentang kreativitas digital Di kelas, anak anda akan :âœ…membuat karakter dan lingkungan mereka sendiriâœ…mempelajari cara menganimasikan karakter di program komputer teratasâœ…menulis skrip untuk karakternyaâœ…membuat kartun 2Dnya sendiriðŸ‘‰Klik ""Selengkapnya"" untuk Pelajaran GRATIS","We provide individual trial lessons on digital creativity In the class, your child will: âœ…create their own characters and environments âœ…learn how to animate characters in top computer programs âœ…write scripts for their characters âœ…create their own 2D cartoons The trial class is only suitable for children over 8 years old. ðŸ‘‰Click ""More"" for FREE Lessons",,https://www.kodland.org/welcome/quiz/indo_base_1?segment=4&date_start=0&date_end=6&utm_source={{site_source_name}}&utm_medium={{placement}}&utm_campaign={{adset.name}}&utm_content={{ad.id}}&utm_term={{ad.name}},,37,1,7,0,1,No,1,0,No,single_image,,,"GRATIS, coba",,,,,,,,
,https://osokxlweresllgbclkme.supabase.co/storage/v1/object/public/competitor-creatives/Kodland%20Indonesia/discovered_1763825105369_31_1763825934397.jpg,,,discovered_1763825105369_31,Kodland Indonesia,"Kami memberikan pelajaran uji coba individu tentang kreativitas digital Di kelas, anak anda akan :âœ…membuat karakter dan lingkungan mereka sendiriâœ…mempelajari cara menganimasikan karakter di program komputer teratasâœ…menulis skrip untuk karakternyaâœ…membuat kartun 2Dnya sendiriKelas uji coba hanya cocok untuk anak-anak di atas 8 tahun.ðŸ‘‰Klik ""Selengkapnya"" untuk Pelajaran GRATIS","We provide individual trial lessons on digital creativity In the class, your child will: âœ…create their own characters and environments âœ…learn how to animate characters in top computer programs âœ…write scripts for their characters âœ…create their own 2D cartoons The trial class is only suitable for children over 8 years old. ðŸ‘‰Click ""More"" for FREE Lessons",https://www.facebook.com/ads/library/?id=1943980936534693,https://www.kodland.org/welcome/quiz/indo_base_1?segment=4&date_start=0&date_end=6&utm_source={{site_source_name}}&utm_medium={{placement}}&utm_campaign={{adset.name}}&utm_content={{ad.id}}&utm_term={{ad.name}},Open Dropdownâ€‹,38,1,63,0,1,No,1,0,No,single_image,,,"GRATIS, coba",,,,,,,,
,https://osokxlweresllgbclkme.supabase.co/storage/v1/object/public/competitor-creatives/Kodland%20Indonesia/discovered_1763825105369_33_1763825934990.jpg,,,discovered_1763825105369_33,Kodland Indonesia,"Kami memberikan pelajaran uji coba individu tentang kreativitas digital Di kelas, anak anda akan :âœ…membuat karakter dan lingkungan mereka sendiriâœ…mempelajari cara menganimasikan karakter di program komputer teratasâœ…menulis skrip untuk karakternyaâœ…membuat kartun 2Dnya sendiriKelas uji coba hanya cocok untuk anak-anak di atas 8 tahun.ðŸ‘‰Klik ""Selengkapnya"" untuk Pelajaran GRATIS","We provide individual trial lessons on digital creativity In the class, your child will: âœ…create their own characters and environments âœ…learn how to animate characters in top computer programs âœ…write scripts for their characters âœ…create their own 2D cartoons The trial class is only suitable for children over 8 years old. ðŸ‘‰Click ""More"" for FREE Lessons",,https://www.kodland.org/welcome/quiz/indo_base_1?segment=4&date_start=0&date_end=6&utm_source={{site_source_name}}&utm_medium={{placement}}&utm_campaign={{adset.name}}&utm_content={{ad.id}}&utm_term={{ad.name}},,38,1,63,0,1,No,1,0,No,single_image,,,"GRATIS, coba",,,,,,,,
,https://osokxlweresllgbclkme.supabase.co/storage/v1/object/public/competitor-creatives/Kodland%20Indonesia/discovered_1763825105346_5_1763825928275.jpg,,,discovered_1763825105346_5,Kodland Indonesia,"Kami memberikan pelajaran uji coba individu tentang kreativitas digital Di kelas, anak anda akan :âœ…membuat karakter dan lingkungan mereka sendiriâœ…mempelajari cara menganimasikan karakter di program komputer teratasâœ…menulis skrip untuk karakternyaâœ…membuat kartun 2Dnya sendiriKelas uji coba hanya cocok untuk anak-anak di atas 8 tahun.ðŸ‘‰Klik ""Selengkapnya"" untuk Pelajaran GRATIS","We provide individual trial lessons on digital creativity In the class, your child will: âœ…create their own characters and environments âœ…learn how to animate characters in top computer programs âœ…write scripts for their characters âœ…create their own 2D cartoons The trial class is only suitable for children over 8 years old. ðŸ‘‰Click ""More"" for FREE Lessons",,https://www.kodland.org/welcome/quiz/indo_base_1?segment=4&date_start=0&date_end=6&utm_source={{site_source_name}}&utm_medium={{placement}}&utm_campaign={{adset.name}}&utm_content={{ad.id}}&utm_term={{ad.name}},Learn More,39,1,63,0,1,No,1,0,No,single_image,,,"GRATIS, coba",,,,,,,,
,https://osokxlweresllgbclkme.supabase.co/storage/v1/object/public/competitor-creatives/Kodland%20Indonesia/discovered_1763825105369_34_1763825935212.jpg,,,discovered_1763825105369_34,Kodland Indonesia,"Kami memberikan pelajaran uji coba individu tentang kreativitas digital Di kelas, anak anda akan :âœ…membuat karakter dan lingkungan mereka sendiriâœ…mempelajari cara menganimasikan karakter di program komputer teratasâœ…menulis skrip untuk karakternyaâœ…membuat kartun 2Dnya sendiriKelas uji coba hanya cocok untuk anak-anak di atas 8 tahun.ðŸ‘‰Klik ""Selengkapnya"" untuk Pelajaran GRATIS","We provide individual trial lessons on digital creativity In class, your child will: âœ…create their own characters and environments âœ…learn how to animate characters in top computer programs âœ…write scripts for their characters âœ…create their own 2D cartoons ðŸ‘‰Click ""More"" for FREE Lessons",,https://www.kodland.org/welcome/quiz/indo_base_1?segment=4&date_start=0&date_end=6&utm_source={{site_source_name}}&utm_medium={{placement}}&utm_campaign={{adset.name}}&utm_content={{ad.id}}&utm_term={{ad.name}},,39,1,63,0,1,No,1,0,No,single_image,,,"GRATIS, coba",,,,,,,,
,https://osokxlweresllgbclkme.supabase.co/storage/v1/object/public/competitor-creatives/Kodland%20Indonesia/discovered_1763825105370_45_1763825937896.jpg,,,discovered_1763825105370_45,Kodland Indonesia,"Kami memberikan pelajaran uji coba individu tentang kreativitas digital Di kelas, anak anda akan :âœ…membuat karakter dan lingkungan mereka sendiriâœ…mempelajari cara menganimasikan karakter di program komputer teratasâœ…menulis skrip untuk karakternyaâœ…membuat kartun 2Dnya sendiriKelas uji coba hanya cocok untuk anak-anak di atas 8 tahun.ðŸ‘‰Klik ""Selengkapnya"" untuk Pelajaran GRATIS","We provide individual trial lessons on digital creativity In the class, your child will: âœ…create their own characters and environments âœ…learn how to animate characters in top computer programs âœ…write scripts for their characters âœ…create their own 2D cartoons The trial class is only suitable for children over 8 years old. ðŸ‘‰Click ""More"" for FREE Lessons",,https://www.kodland.org/welcome/quiz/indo_base_1?segment=4&date_start=0&date_end=6&utm_source={{site_source_name}}&utm_medium={{placement}}&utm_campaign={{adset.name}}&utm_content={{ad.id}}&utm_term={{ad.name}},Learn More,39,1,63,0,1,No,1,0,No,single_image,,,"GRATIS, coba",,,,,,,,
,https://osokxlweresllgbclkme.supabase.co/storage/v1/object/public/competitor-creatives/Kodland%20Indonesia/discovered_1763825105372_76_1763825943670.jpg,,,discovered_1763825105372_76,Kodland Indonesia,"Kami memberikan pelajaran uji coba individu tentang kreativitas digital Di kelas, anak anda akan :âœ…membuat karakter dan lingkungan mereka sendiriâœ…mempelajari cara menganimasikan karakter di program komputer teratasâœ…menulis skrip untuk karakternyaâœ…membuat kartun 2Dnya sendiriKelas uji coba hanya cocok untuk anak-anak di atas 8 tahun.ðŸ‘‰Klik ""Selengkapnya"" untuk Pelajaran GRATIS","We provide individual trial lessons on digital creativity In the class, your child will: âœ…create their own characters and environments âœ…learn how to animate characters in top computer programs âœ…write scripts for their characters âœ…create their own 2D cartoons The trial class is only suitable for children over 8 years old. ðŸ‘‰Click ""More"" for FREE Lessons",https://www.facebook.com/ads/library/?id=1159629432480786,https://www.kodland.org/welcome/quiz/indo_base_1?segment=4&date_start=0&date_end=6&utm_source={{site_source_name}}&utm_medium={{placement}}&utm_campaign={{adset.name}}&utm_content={{ad.id}}&utm_term={{ad.name}},Learn More,41,1,63,0,1,No,1,0,No,single_image,,,"GRATIS, coba",,,,,,,,
,https://osokxlweresllgbclkme.supabase.co/storage/v1/object/public/competitor-creatives/Kodland%20Indonesia/discovered_1763825105356_10_1763825929536.jpg,,,discovered_1763825105356_10,Kodland Indonesia,"Kami memberikan pelajaran uji coba individu tentang kreativitas digital Di kelas, anak anda akan :âœ…membuat karakter dan lingkungan mereka sendiriâœ…mempelajari cara menganimasikan karakter di program komputer teratasâœ…menulis skrip untuk karakternyaâœ…membuat kartun 2Dnya sendiriKelas uji coba hanya cocok untuk anak-anak di atas 8 tahun.ðŸ‘‰Klik ""Selengkapnya"" untuk Pelajaran GRATIS","We provide individual trial lessons on digital creativity In the class, your child will: âœ…create their own characters and environments âœ…learn how to animate characters in top computer programs âœ…write scripts for their characters âœ…create their own 2D cartoons The trial class is only suitable for children over 8 years old. ðŸ‘‰Click ""More"" for FREE Lessons",https://www.facebook.com/ads/library/?id=1539327810552773,https://www.kodland.org/welcome/quiz/indo_base_1?segment=4&date_start=0&date_end=6&utm_source={{site_source_name}}&utm_medium={{placement}}&utm_campaign={{adset.name}}&utm_content={{ad.id}}&utm_term={{ad.name}},See more,42,1,63,0,1,No,8,0,Yes,carousel,,,"GRATIS, coba",,,,,,,,
,https://osokxlweresllgbclkme.supabase.co/storage/v1/object/public/competitor-creatives/Kodland%20Indonesia/discovered_1763825105370_40_1763825936666.jpg,,,discovered_1763825105370_40,Kodland Indonesia,"Kami memberikan pelajaran uji coba individu tentang kreativitas digital Di kelas, anak anda akan :âœ…membuat karakter dan lingkungan mereka sendiriâœ…mempelajari cara menganimasikan karakter di program komputer teratasâœ…menulis skrip untuk karakternyaâœ…membuat kartun 2Dnya sendiriKelas uji coba hanya cocok untuk anak-anak di atas 8 tahun.ðŸ‘‰Klik ""Selengkapnya"" untuk Pelajaran GRATIS","We provide individual trial lessons on digital creativity In the class, your child will: âœ…create their own characters and environments âœ…learn how to animate characters in top computer programs âœ…write scripts for their characters âœ…create their own 2D cartoons The trial class is only suitable for children over 8 years old. ðŸ‘‰Click ""More"" for FREE Lessons",https://www.facebook.com/ads/library/?id=1424356842586186,https://www.kodland.org/welcome/quiz/indo_base_1?segment=4&date_start=0&date_end=6&utm_source={{site_source_name}}&utm_medium={{placement}}&utm_campaign={{adset.name}}&utm_content={{ad.id}}&utm_term={{ad.name}},Learn More,43,1,63,0,1,No,1,0,No,single_image,,,"GRATIS, coba",,,,,,,,
,https://osokxlweresllgbclkme.supabase.co/storage/v1/object/public/competitor-creatives/Kodland%20Indonesia/discovered_1763825105372_78_1763825944168.jpg,,,discovered_1763825105372_78,Kodland Indonesia,"Kami memberikan pelajaran uji coba individu tentang kreativitas digital Di kelas, anak anda akan :âœ…membuat karakter dan lingkungan mereka sendiriâœ…mempelajari cara menganimasikan karakter di program komputer teratasâœ…menulis skrip untuk karakternyaâœ…membuat kartun 2Dnya sendiriKelas uji coba hanya cocok untuk anak-anak di atas 8 tahun.ðŸ‘‰Klik ""Selengkapnya"" untuk Pelajaran GRATIS","We provide individual trial lessons on digital creativity In the class, your child will: âœ…create their own characters and environments âœ…learn how to animate characters in top computer programs âœ…write scripts for their characters âœ…create their own 2D cartoons The trial class is only suitable for children over 8 years old. ðŸ‘‰Click ""More"" for FREE Lessons",,https://www.kodland.org/welcome/quiz/indo_base_1?segment=4&date_start=0&date_end=6&utm_source={{site_source_name}}&utm_medium={{placement}}&utm_campaign={{adset.name}}&utm_content={{ad.id}}&utm_term={{ad.name}},Learn More,43,1,63,0,1,No,1,0,No,single_image,,,"GRATIS, coba",,,,,,,,
,https://osokxlweresllgbclkme.supabase.co/storage/v1/object/public/competitor-creatives/Kodland%20Indonesia/discovered_1763825105372_72_1763825943195.jpg,,,discovered_1763825105372_72,Kodland Indonesia,"Kami memberikan pelajaran uji coba individu tentang kreativitas digital Di kelas, anak anda akan :âœ…membuat karakter dan lingkungan mereka sendiriâœ…mempelajari cara menganimasikan karakter di program komputer teratasâœ…menulis skrip untuk karakternyaâœ…membuat kartun 2Dnya sendiriKelas uji coba hanya cocok untuk anak-anak di atas 8 tahun.ðŸ‘‰Klik ""Selengkapnya"" untuk Pelajaran GRATIS","We provide individual trial lessons on digital creativity In the class, your child will: âœ…create their own characters and environments âœ…learn how to animate characters in top computer programs âœ…write scripts for their characters âœ…create their own 2D cartoons The trial class is only suitable for children over 9 years old. ðŸ‘‰Click ""More"" for FREE Lessons",,https://www.kodland.org/welcome/quiz/indo_base_1?segment=4&date_start=0&date_end=6&utm_source={{site_source_name}}&utm_medium={{placement}}&utm_campaign={{adset.name}}&utm_content={{ad.id}}&utm_term={{ad.name}},Learn More,47,1,63,0,1,No,1,0,No,single_image,,,"GRATIS, coba",,,,,,,,
,https://osokxlweresllgbclkme.supabase.co/storage/v1/object/public/competitor-creatives/Kodland%20Indonesia/discovered_1763825105373_89_1763825946448.jpg,,,discovered_1763825105373_89,Kodland Indonesia,"Kami memberikan pelajaran uji coba individu tentang kreativitas digital Di kelas, anak anda akan :âœ…membuat karakter dan lingkungan mereka sendiriâœ…mempelajari cara menganimasikan karakter di program komputer teratasâœ…menulis skrip untuk karakternyaâœ…membuat kartun 2Dnya sendiriðŸ‘‰Klik ""Selengkapnya"" untuk Pelajaran GRATIS","We provide individual trial lessons on digital creativity In the class, your child will: âœ…create their own characters and environments âœ…learn how to animate characters in top computer programs âœ…write scripts for their characters âœ…create their own 2D cartoons The trial class is only suitable for children over 8 years old. ðŸ‘‰Click ""More"" for FREE Lessons",,https://www.kodland.org/welcome/quiz/indo_base_1?segment=4&date_start=0&date_end=6&utm_source={{site_source_name}}&utm_medium={{placement}}&utm_campaign={{adset.name}}&utm_content={{ad.id}}&utm_term={{ad.name}},,47,1,7,0,1,No,1,0,No,single_image,,,"GRATIS, coba",,,,,,,,
,https://osokxlweresllgbclkme.supabase.co/storage/v1/object/public/competitor-creatives/Kodland%20Indonesia/discovered_1763825105346_4_1763825928039.jpg,,,discovered_1763825105346_4,Kodland Indonesia,"Kami memberikan pelajaran uji coba individu tentang kreativitas digital Di kelas, anak anda akan :âœ…membuat karakter dan lingkungan mereka sendiriâœ…mempelajari cara menganimasikan karakter di program komputer teratasâœ…menulis skrip untuk karakternyaâœ…membuat kartun 2Dnya sendiriKelas uji coba hanya cocok untuk anak-anak di atas 8 tahun.ðŸ‘‰Klik ""Selengkapnya"" untuk Pelajaran GRATIS","We provide individual trial lessons on digital creativity In the class, your child will: âœ…create their own characters and environments âœ…learn how to animate characters in top computer programs âœ…write scripts for their characters âœ…create their own 2D cartoons The trial class is only suitable for children over 8 years old. ðŸ‘‰Click ""More"" for FREE Lessons",,https://www.kodland.org/welcome/quiz/indo_base_1?segment=4&date_start=0&date_end=6&utm_source={{site_source_name}}&utm_medium={{placement}}&utm_campaign={{adset.name}}&utm_content={{ad.id}}&utm_term={{ad.name}},Learn More,49,1,63,0,1,No,1,0,No,single_image,,,"GRATIS, coba",,,,,,,,
,https://osokxlweresllgbclkme.supabase.co/storage/v1/object/public/competitor-creatives/Kodland%20Indonesia/discovered_1763825105368_22_1763825932390.jpg,,,discovered_1763825105368_22,Kodland Indonesia,"Kami memberikan pelajaran uji coba individu tentang kreativitas digital Di kelas, anak anda akan :âœ…membuat karakter dan lingkungan mereka sendiriâœ…mempelajari cara menganimasikan karakter di program komputer teratasâœ…menulis skrip untuk karakternyaâœ…membuat kartun 2Dnya sendiriKelas uji coba hanya cocok untuk anak-anak di atas 8 tahun.ðŸ‘‰Klik ""Selengkapnya"" untuk Pelajaran GRATIS","We provide individual trial lessons on digital creativity In class, your child will: âœ…create their own characters and environments âœ…learn how to animate characters in top computer programs âœ…write scripts for their characters âœ…create their own 2D cartoons ðŸ‘‰Click ""More"" for FREE Lessons",https://www.facebook.com/ads/library/?id=1539327810552773,https://www.kodland.org/welcome/quiz/indo_base_1?segment=4&date_start=0&date_end=6&utm_source={{site_source_name}}&utm_medium={{placement}}&utm_campaign={{adset.name}}&utm_content={{ad.id}}&utm_term={{ad.name}},Learn More,49,1,63,0,1,No,1,0,No,single_image,,,"GRATIS, coba",,,,,,,,
,https://osokxlweresllgbclkme.supabase.co/storage/v1/object/public/competitor-creatives/Kodland%20Indonesia/discovered_1763825105371_53_1763825939339.jpg,,,discovered_1763825105371_53,Kodland Indonesia,"Kami memberikan pelajaran uji coba individu tentang kreativitas digital Di kelas, anak anda akan :âœ…membuat karakter dan lingkungan mereka sendiriâœ…mempelajari cara menganimasikan karakter di program komputer teratasâœ…menulis skrip untuk karakternyaâœ…membuat kartun 2Dnya sendiriKelas uji coba hanya cocok untuk anak-anak di atas 8 tahun.ðŸ‘‰Klik ""Selengkapnya"" untuk Pelajaran GRATIS","We provide individual trial lessons on digital creativity In the class, your child will: âœ…create their own characters and environments âœ…learn how to animate characters in top computer programs âœ…write scripts for their characters âœ…create their own 2D cartoons The trial class is only suitable for children over 8 years old. ðŸ‘‰Click ""More"" for FREE Lessons",,https://www.kodland.org/welcome/quiz/indo_base_1?segment=4&date_start=0&date_end=6&utm_source={{site_source_name}}&utm_medium={{placement}}&utm_campaign={{adset.name}}&utm_content={{ad.id}}&utm_term={{ad.name}},Learn More,51,1,63,0,1,No,1,0,No,single_image,,,"GRATIS, coba",,,,,,,,
,https://osokxlweresllgbclkme.supabase.co/storage/v1/object/public/competitor-creatives/Kodland%20Indonesia/discovered_1763825105366_17_1763825931195.jpg,,,discovered_1763825105366_17,Kodland Indonesia,"Kami memberikan pelajaran uji coba individu tentang kreativitas digital Di kelas, anak anda akan :âœ…membuat karakter dan lingkungan mereka sendiriâœ…mempelajari cara menganimasikan karakter di program komputer teratasâœ…menulis skrip untuk karakternyaâœ…membuat kartun 2Dnya sendiriKelas uji coba hanya cocok untuk anak-anak di atas 8 tahun.ðŸ‘‰Klik ""Selengkapnya"" untuk Pelajaran GRATIS","We provide individual trial lessons on digital creativity In the class, your child will: âœ…create their own characters and environments âœ…learn how to animate characters in top computer programs âœ…write scripts for their characters âœ…create their own 2D cartoons The trial class is only suitable for children over 8 years old. ðŸ‘‰Click ""More"" for FREE Lessons",https://www.facebook.com/ads/library/?id=1539327810552773,https://www.kodland.org/welcome/quiz/indo_base_1?segment=4&date_start=0&date_end=6&utm_source={{site_source_name}}&utm_medium={{placement}}&utm_campaign={{adset.name}}&utm_content={{ad.id}}&utm_term={{ad.name}},See more,52,1,63,0,1,No,8,0,Yes,carousel,,,"GRATIS, coba",,,,,,,,
,https://osokxlweresllgbclkme.supabase.co/storage/v1/object/public/competitor-creatives/Kodland%20Indonesia/discovered_1763825105368_24_1763825932899.jpg,,,discovered_1763825105368_24,Kodland Indonesia,"Kami memberikan pelajaran uji coba individu tentang kreativitas digital Di kelas, anak anda akan :âœ…membuat karakter dan lingkungan mereka sendiriâœ…mempelajari cara menganimasikan karakter di program komputer teratasâœ…menulis skrip untuk karakternyaâœ…membuat kartun 2Dnya sendiriKelas uji coba hanya cocok untuk anak-anak di atas 8 tahun.ðŸ‘‰Klik ""Selengkapnya"" untuk Pelajaran GRATIS","We provide individual trial lessons on digital creativity In the class, your child will: âœ…create their own characters and environments âœ…learn how to animate characters in top computer programs âœ…write scripts for their characters âœ…create their own 2D cartoons The trial class is only suitable for children over 8 years old. ðŸ‘‰Click ""More"" for FREE Lessons",,https://www.kodland.org/welcome/quiz/indo_base_1?segment=4&date_start=0&date_end=6&utm_source={{site_source_name}}&utm_medium={{placement}}&utm_campaign={{adset.name}}&utm_content={{ad.id}}&utm_term={{ad.name}},Learn More,53,1,63,0,1,No,1,0,No,single_image,,,"GRATIS, coba",,,,,,,,
,https://osokxlweresllgbclkme.supabase.co/storage/v1/object/public/competitor-creatives/Kodland%20Indonesia/discovered_1763825105371_62_1763825941148.jpg,,,discovered_1763825105371_62,Kodland Indonesia,"Kami memberikan pelajaran uji coba individu tentang kreativitas digital Di kelas, anak anda akan :âœ…membuat karakter dan lingkungan mereka sendiriâœ…mempelajari cara menganimasikan karakter di program komputer teratasâœ…menulis skrip untuk karakternyaâœ…membuat kartun 2Dnya sendiriKelas uji coba hanya cocok untuk anak-anak di atas 9 tahun.ðŸ‘‰Klik ""Selengkapnya"" untuk Pelajaran GRATIS","We provide individual trial lessons on digital creativity In the class, your child will: âœ…create their own characters and environments âœ…learn how to animate characters in top computer programs âœ…write scripts for their characters âœ…create their own 2D cartoons The trial class is only suitable for children over 8 years old. ðŸ‘‰Click ""More"" for FREE Lessons",,https://www.kodland.org/welcome/quiz/indo_base_1?segment=4&date_start=0&date_end=6&utm_source={{site_source_name}}&utm_medium={{placement}}&utm_campaign={{adset.name}}&utm_content={{ad.id}}&utm_term={{ad.name}},Learn More,53,1,8,0,1,No,1,0,No,single_image,,,"GRATIS, coba",,,,,,,,
,https://osokxlweresllgbclkme.supabase.co/storage/v1/object/public/competitor-creatives/Kodland%20Indonesia/discovered_1763825105374_90_1763825946681.jpg,,,discovered_1763825105374_90,Kodland Indonesia,"Kami memberikan pelajaran uji coba individu tentang kreativitas digital Di kelas, anak anda akan :âœ…membuat karakter dan lingkungan mereka sendiriâœ…mempelajari cara menganimasikan karakter di program komputer teratasâœ…menulis skrip untuk karakternyaâœ…membuat kartun 2Dnya sendiriðŸ‘‰Klik ""Selengkapnya"" untuk Pelajaran GRATIS","We provide individual trial lessons on digital creativity In the class, your child will: âœ…create their own characters and environments âœ…learn how to animate characters in top computer programs âœ…write scripts for their characters âœ…create their own 2D cartoons The trial class is only suitable for children over 8 years old. ðŸ‘‰Click ""More"" for FREE Lessons",,https://www.kodland.org/welcome/quiz/indo_base_1?segment=4&date_start=0&date_end=6&utm_source={{site_source_name}}&utm_medium={{placement}}&utm_campaign={{adset.name}}&utm_content={{ad.id}}&utm_term={{ad.name}},,53,1,7,0,1,No,1,0,No,single_image,,,"GRATIS, coba",,,,,,,,
,https://osokxlweresllgbclkme.supabase.co/storage/v1/object/public/competitor-creatives/Kodland%20Indonesia/discovered_1763825105365_16_1763825930961.jpg,,,discovered_1763825105365_16,Kodland Indonesia,"Kami memberikan pelajaran uji coba individu tentang kreativitas digital Di kelas, anak anda akan :âœ…membuat karakter dan lingkungan mereka sendiriâœ…mempelajari cara menganimasikan karakter di program komputer teratasâœ…menulis skrip untuk karakternyaâœ…membuat kartun 2Dnya sendiriKelas uji coba hanya cocok untuk anak-anak di atas 8 tahun.ðŸ‘‰Klik ""Selengkapnya"" untuk Pelajaran GRATIS","We provide individual trial lessons on digital creativity In the class, your child will: âœ…create their own characters and environments âœ…learn how to animate characters in top computer programs âœ…write scripts for their characters âœ…create their own 2D cartoons The trial class is only suitable for children over 8 years old. ðŸ‘‰Click ""More"" for FREE Lessons",https://www.facebook.com/ads/library/?id=1539327810552773,https://www.kodland.org/welcome/quiz/indo_base_1?segment=4&date_start=0&date_end=6&utm_source={{site_source_name}}&utm_medium={{placement}}&utm_campaign={{adset.name}}&utm_content={{ad.id}}&utm_term={{ad.name}},See more,54,1,63,0,1,No,8,0,Yes,carousel,,,"GRATIS, coba",,,,,,,,
,https://osokxlweresllgbclkme.supabase.co/storage/v1/object/public/competitor-creatives/Kodland%20Indonesia/discovered_1763825105362_14_1763825930466.jpg,,,discovered_1763825105362_14,Kodland Indonesia,"Kami memberikan pelajaran uji coba individu tentang kreativitas digital Di kelas, anak anda akan :âœ…membuat karakter dan lingkungan mereka sendiriâœ…mempelajari cara menganimasikan karakter di program komputer teratasâœ…menulis skrip untuk karakternyaâœ…membuat kartun 2Dnya sendiriKelas uji coba hanya cocok untuk anak-anak di atas 8 tahun.ðŸ‘‰Klik ""Selengkapnya"" untuk Pelajaran GRATIS","We provide individual trial lessons on digital creativity In the class, your child will: âœ…create their own characters and environments âœ…learn how to animate characters in top computer programs âœ…write scripts for their characters âœ…create their own 2D cartoons The trial class is only suitable for children over 8 years old. ðŸ‘‰Click ""More"" for FREE Lessons",https://www.facebook.com/ads/library/?id=1539327810552773,https://www.kodland.org/welcome/quiz/indo_base_1?segment=4&date_start=0&date_end=6&utm_source={{site_source_name}}&utm_medium={{placement}}&utm_campaign={{adset.name}}&utm_content={{ad.id}}&utm_term={{ad.name}},See more,55,1,63,0,1,No,8,0,Yes,carousel,,,"GRATIS, coba",,,,,,,,
,https://osokxlweresllgbclkme.supabase.co/storage/v1/object/public/competitor-creatives/Kodland%20Indonesia/discovered_1763825105369_37_1763825936057.jpg,,,discovered_1763825105369_37,Kodland Indonesia,"Kami memberikan pelajaran uji coba individu tentang kreativitas digital Di kelas, anak anda akan :âœ…membuat karakter dan lingkungan mereka sendiriâœ…mempelajari cara menganimasikan karakter di program komputer teratasâœ…menulis skrip untuk karakternyaâœ…membuat kartun 2Dnya sendiriKelas uji coba hanya cocok untuk anak-anak di atas 8 tahun.ðŸ‘‰Klik ""Selengkapnya"" untuk Pelajaran GRATIS","We provide individual trial lessons on digital creativity In the class, your child will: âœ…create their own characters and environments âœ…learn how to animate characters in top computer programs âœ…write scripts for their characters âœ…create their own 2D cartoons The trial class is only suitable for children over 8 years old. ðŸ‘‰Click ""More"" for FREE Lessons",,https://www.kodland.org/welcome/quiz/indo_base_1?segment=4&date_start=0&date_end=6&utm_source={{site_source_name}}&utm_medium={{placement}}&utm_campaign={{adset.name}}&utm_content={{ad.id}}&utm_term={{ad.name}},,55,1,63,0,1,No,1,0,No,single_image,,,"GRATIS, coba",,,,,,,,
,https://osokxlweresllgbclkme.supabase.co/storage/v1/object/public/competitor-creatives/Kodland%20Indonesia/discovered_1763825105369_39_1763825936279.jpg,,,discovered_1763825105369_39,Kodland Indonesia,"Kami memberikan pelajaran uji coba individu tentang kreativitas digital Di kelas, anak anda akan :âœ…membuat karakter dan lingkungan mereka sendiriâœ…mempelajari cara menganimasikan karakter di program komputer teratasâœ…menulis skrip untuk karakternyaâœ…membuat kartun 2Dnya sendiriKelas uji coba hanya cocok untuk anak-anak di atas 8 tahun.ðŸ‘‰Klik ""Selengkapnya"" untuk Pelajaran GRATIS","We provide individual trial lessons on digital creativity In the class, your child will: âœ…create their own characters and environments âœ…learn how to animate characters in top computer programs âœ…write scripts for their characters âœ…create their own 2D cartoons The trial class is only suitable for children over 8 years old. ðŸ‘‰Click ""More"" for FREE Lessons",https://www.facebook.com/ads/library/?id=1424356842586186,https://www.kodland.org/welcome/quiz/indo_base_1?segment=4&date_start=0&date_end=6&utm_source={{site_source_name}}&utm_medium={{placement}}&utm_campaign={{adset.name}}&utm_content={{ad.id}}&utm_term={{ad.name}},Learn More,55,1,63,0,1,No,1,0,No,single_image,,,"GRATIS, coba",,,,,,,,
,https://osokxlweresllgbclkme.supabase.co/storage/v1/object/public/competitor-creatives/Kodland%20Indonesia/discovered_1763825105372_70_1763825942683.jpg,,,discovered_1763825105372_70,Kodland Indonesia,"Kami memberikan pelajaran uji coba individu tentang kreativitas digital Di kelas, anak anda akan :âœ…membuat karakter dan lingkungan mereka sendiriâœ…mempelajari cara menganimasikan karakter di program komputer teratasâœ…menulis skrip untuk karakternyaâœ…membuat kartun 2Dnya sendiriKelas uji coba hanya cocok untuk anak-anak di atas 8 tahun.ðŸ‘‰Klik ""Selengkapnya"" untuk Pelajaran GRATIS","We provide individual trial lessons on digital creativity In the class, your child will: âœ…create their own characters and environments âœ…learn how to animate characters in top computer programs âœ…write scripts for their characters âœ…create their own 2D cartoons The trial class is only suitable for children over 8 years old. ðŸ‘‰Click ""More"" for FREE Lessons",,https://www.kodland.org/welcome/quiz/indo_base_1?segment=4&date_start=0&date_end=6&utm_source={{site_source_name}}&utm_medium={{placement}}&utm_campaign={{adset.name}}&utm_content={{ad.id}}&utm_term={{ad.name}},Learn More,55,1,63,0,1,No,1,0,No,single_image,,,"GRATIS, coba",,,,,,,,
,https://osokxlweresllgbclkme.supabase.co/storage/v1/object/public/competitor-creatives/Kodland%20Indonesia/discovered_1763825105344_0_1763825926877.jpg,,,discovered_1763825105344_0,Kodland Indonesia,"Kami memberikan pelajaran uji coba individu tentang kreativitas digital Di kelas, anak anda akan :âœ…membuat karakter dan lingkungan mereka sendiriâœ…mempelajari cara menganimasikan karakter di program komputer teratasâœ…menulis skrip untuk karakternyaâœ…membuat kartun 2Dnya sendiriKelas uji coba hanya cocok untuk anak-anak di atas 8 tahun.ðŸ‘‰Klik ""Selengkapnya"" untuk Pelajaran GRATIS","We provide individual trial lessons on digital creativity In the class, your child will: âœ…create their own characters and environments âœ…learn how to animate characters in top computer programs âœ…write scripts for their characters âœ…create their own 2D cartoons The trial class is only suitable for children over 8 years old. ðŸ‘‰Click ""More"" for FREE Lessons",,https://www.kodland.org/welcome/quiz/indo_base_1?segment=4&date_start=0&date_end=6&utm_source={{site_source_name}}&utm_medium={{placement}}&utm_campaign={{adset.name}}&utm_content={{ad.id}}&utm_term={{ad.name}},Learn More,57,1,63,0,1,No,1,0,No,single_image,,,"GRATIS, coba",,,,,,,,
,https://osokxlweresllgbclkme.supabase.co/storage/v1/object/public/competitor-creatives/Kodland%20Indonesia/discovered_1763825105364_15_1763825930705.jpg,,,discovered_1763825105364_15,Kodland Indonesia,"Kami memberikan pelajaran uji coba individu tentang kreativitas digital Di kelas, anak anda akan :âœ…membuat karakter dan lingkungan mereka sendiriâœ…mempelajari cara menganimasikan karakter di program komputer teratasâœ…menulis skrip untuk karakternyaâœ…membuat kartun 2Dnya sendiriKelas uji coba hanya cocok untuk anak-anak di atas 8 tahun.ðŸ‘‰Klik ""Selengkapnya"" untuk Pelajaran GRATIS","We provide individual trial lessons on digital creativity In the class, your child will: âœ…create their own characters and environments âœ…learn how to animate characters in top computer programs âœ…write scripts for their characters âœ…create their own 2D cartoons The trial class is only suitable for children over 8 years old. ðŸ‘‰Click ""More"" for FREE Lessons",https://www.facebook.com/ads/library/?id=1539327810552773,https://www.kodland.org/welcome/quiz/indo_base_1?segment=4&date_start=0&date_end=6&utm_source={{site_source_name}}&utm_medium={{placement}}&utm_campaign={{adset.name}}&utm_content={{ad.id}}&utm_term={{ad.name}},See more,57,1,63,0,1,No,8,0,Yes,carousel,,,"GRATIS, coba",,,,,,,,
,https://osokxlweresllgbclkme.supabase.co/storage/v1/object/public/competitor-creatives/Kodland%20Indonesia/discovered_1763825105372_71_1763825942952.jpg,,,discovered_1763825105372_71,Kodland Indonesia,"Kami memberikan pelajaran uji coba individu tentang kreativitas digital Di kelas, anak anda akan :âœ…membuat karakter dan lingkungan mereka sendiriâœ…mempelajari cara menganimasikan karakter di program komputer teratasâœ…menulis skrip untuk karakternyaâœ…membuat kartun 2Dnya sendiriKelas uji coba hanya cocok untuk anak-anak di atas 8 tahun.ðŸ‘‰Klik ""Selengkapnya"" untuk Pelajaran GRATIS","We provide individual trial lessons on digital creativity In the class, your child will: âœ…create their own characters and environments âœ…learn how to animate characters in top computer programs âœ…write scripts for their characters âœ…create their own 2D cartoons The trial class is only suitable for children over 8 years old. ðŸ‘‰Click ""More"" for FREE Lessons",,https://www.kodland.org/welcome/quiz/indo_base_1?segment=4&date_start=0&date_end=6&utm_source={{site_source_name}}&utm_medium={{placement}}&utm_campaign={{adset.name}}&utm_content={{ad.id}}&utm_term={{ad.name}},Learn More,57,1,63,0,1,No,1,0,No,single_image,,,"GRATIS, coba",,,,,,,,
,https://osokxlweresllgbclkme.supabase.co/storage/v1/object/public/competitor-creatives/Kodland%20Indonesia/discovered_1763825105367_19_1763825931647.jpg,,,discovered_1763825105367_19,Kodland Indonesia,"Kami memberikan pelajaran uji coba individu tentang kreativitas digital Di kelas, anak anda akan :âœ…membuat karakter dan lingkungan mereka sendiriâœ…mempelajari cara menganimasikan karakter di program komputer teratasâœ…menulis skrip untuk karakternyaâœ…membuat kartun 2Dnya sendiriKelas uji coba hanya cocok untuk anak-anak di atas 8 tahun.ðŸ‘‰Klik ""Selengkapnya"" untuk Pelajaran GRATIS","We provide individual trial lessons on digital creativity In the class, your child will: âœ…create their own characters and environments âœ…learn how to animate characters in top computer programs âœ…write scripts for their characters âœ…create their own 2D cartoons The trial class is only suitable for children over 8 years old. ðŸ‘‰Click ""More"" for FREE Lessons",https://www.facebook.com/ads/library/?id=1539327810552773,https://www.kodland.org/welcome/quiz/indo_base_1?segment=4&date_start=0&date_end=6&utm_source={{site_source_name}}&utm_medium={{placement}}&utm_campaign={{adset.name}}&utm_content={{ad.id}}&utm_term={{ad.name}},Learn More,58,1,63,0,1,No,8,0,Yes,carousel,,,"GRATIS, coba",,,,,,,,
,https://osokxlweresllgbclkme.supabase.co/storage/v1/object/public/competitor-creatives/Kodland%20Indonesia/discovered_1763825105370_43_1763825937420.jpg,,,discovered_1763825105370_43,Kodland Indonesia,"Kami memberikan pelajaran uji coba individu tentang kreativitas digital Di kelas, anak anda akan :âœ…membuat karakter dan lingkungan mereka sendiriâœ…mempelajari cara menganimasikan karakter di program komputer teratasâœ…menulis skrip untuk karakternyaâœ…membuat kartun 2Dnya sendiriKelas uji coba hanya cocok untuk anak-anak di atas 8 tahun.ðŸ‘‰Klik ""Selengkapnya"" untuk Pelajaran GRATIS","We provide individual trial lessons on digital creativity In the class, your child will: âœ…create their own characters and environments âœ…learn how to animate characters in top computer programs âœ…write scripts for their characters âœ…create their own 2D cartoons The trial class is only suitable for children over 8 years old. ðŸ‘‰Click ""More"" for FREE Lessons",,https://www.kodland.org/welcome/quiz/indo_base_1?segment=4&date_start=0&date_end=6&utm_source={{site_source_name}}&utm_medium={{placement}}&utm_campaign={{adset.name}}&utm_content={{ad.id}}&utm_term={{ad.name}},Learn More,59,1,63,0,1,No,1,0,No,single_image,,,"GRATIS, coba",,,,,,,,
,https://osokxlweresllgbclkme.supabase.co/storage/v1/object/public/competitor-creatives/Kodland%20Indonesia/discovered_1763825105372_77_1763825943905.jpg,,,discovered_1763825105372_77,Kodland Indonesia,"Kami memberikan pelajaran uji coba individu tentang kreativitas digital Di kelas, anak anda akan :âœ…membuat karakter dan lingkungan mereka sendiriâœ…mempelajari cara menganimasikan karakter di program komputer teratasâœ…menulis skrip untuk karakternyaâœ…membuat kartun 2Dnya sendiriKelas uji coba hanya cocok untuk anak-anak di atas 8 tahun.ðŸ‘‰Klik ""Selengkapnya"" untuk Pelajaran GRATIS","We provide individual trial lessons on digital creativity In the class, your child will: âœ…create their own characters and environments âœ…learn how to animate characters in top computer programs âœ…write scripts for their characters âœ…create their own 2D cartoons The trial class is only suitable for children over 8 years old. ðŸ‘‰Click ""More"" for FREE Lessons",,https://www.kodland.org/welcome/quiz/indo_base_1?segment=4&date_start=0&date_end=6&utm_source={{site_source_name}}&utm_medium={{placement}}&utm_campaign={{adset.name}}&utm_content={{ad.id}}&utm_term={{ad.name}},Learn More,59,1,63,0,1,No,1,0,No,single_image,,,"GRATIS, coba",,,,,,,,
,https://osokxlweresllgbclkme.supabase.co/storage/v1/object/public/competitor-creatives/Kodland%20Indonesia/discovered_1763825105368_26_1763825933597.jpg,,,discovered_1763825105368_26,Kodland Indonesia,"Kami memberikan pelajaran uji coba individu tentang kreativitas digital Di kelas, anak anda akan :âœ…membuat karakter dan lingkungan mereka sendiriâœ…mempelajari cara menganimasikan karakter di program komputer teratasâœ…menulis skrip untuk karakternyaâœ…membuat kartun 2Dnya sendiriKelas uji coba hanya cocok untuk anak-anak di atas 8 tahun.ðŸ‘‰Klik ""Selengkapnya"" untuk Pelajaran GRATIS","We provide individual trial lessons on digital creativity In the class, your child will: âœ…create their own characters and environments âœ…learn how to animate characters in top computer programs âœ…write scripts for their characters âœ…create their own 2D cartoons The trial class is only suitable for children over 8 years old. ðŸ‘‰Click ""More"" for FREE Lessons",,https://www.kodland.org/welcome/quiz/indo_base_1?segment=4&date_start=0&date_end=6&utm_source={{site_source_name}}&utm_medium={{placement}}&utm_campaign={{adset.name}}&utm_content={{ad.id}}&utm_term={{ad.name}},Learn More,60,1,63,0,1,No,1,0,No,single_image,,,"GRATIS, coba",,,,,,,,
,https://osokxlweresllgbclkme.supabase.co/storage/v1/object/public/competitor-creatives/Kodland%20Indonesia/discovered_1763825105370_51_1763825938869.jpg,,,discovered_1763825105370_51,Kodland Indonesia,"Kami memberikan pelajaran uji coba individu tentang kreativitas digital Di kelas, anak anda akan :âœ…membuat karakter dan lingkungan mereka sendiriâœ…mempelajari cara menganimasikan karakter di program komputer teratasâœ…menulis skrip untuk karakternyaâœ…membuat kartun 2Dnya sendiriKelas uji coba hanya cocok untuk anak-anak di atas 8 tahun.ðŸ‘‰Klik ""Selengkapnya"" untuk Pelajaran GRATIS","We provide individual trial lessons on digital creativity In class, your child will: âœ…create their own characters and environments âœ…learn how to animate characters in top computer programs âœ…write scripts for their characters âœ…create their own 2D cartoons ðŸ‘‰Click ""More"" for FREE Lessons",,https://www.kodland.org/welcome/quiz/indo_base_1?segment=4&date_start=0&date_end=6&utm_source={{site_source_name}}&utm_medium={{placement}}&utm_campaign={{adset.name}}&utm_content={{ad.id}}&utm_term={{ad.name}},Learn More,60,1,63,0,1,No,1,0,No,single_image,,,"GRATIS, coba",,,,,,,,